name,datetime,temp,feelslike,dew,humidity,precip,precipprob,preciptype,snow,snowdepth,windgust,windspeed,winddir,sealevelpressure,cloudcover,visibility,solarradiation,solarenergy,uvindex,severerisk,conditions,icon,stations
Chicago,2024-04-10T00:00:00,51.7,51.7,39.0,61.74,0.0,0,,0,0,3.4,3.0,250,1013.9,78.4,9.9,0,0.0,0,10,Partially cloudy,partly-cloudy-night,"72534014819,KORD,KMDW,72530094846,F1983,74466504838,KPWK"
Chicago,2024-04-10T01:00:00,50.5,50.5,39.6,66.19,0.0,0,,0,0,3.4,0.4,34,1014.0,78.4,9.9,0,0.0,0,10,Partially cloudy,partly-cloudy-night,"72534014819,KORD,KMDW,72530094846,F1983,74466504838,KPWK"
Chicago,2024-04-10T02:00:00,48.8,48.8,39.0,68.83,0.0,0,,0,0,3.4,1.2,339,1013.8,29.4,9.9,0,0.0,0,10,Partially cloudy,partly-cloudy-night,"72534014819,KORD,KMDW,72530094846,F1983,74466504838,KPWK"
Chicago,2024-04-10T03:00:00,48.6,48.6,39.5,70.67,0.0,0,,0,0,4.7,3.0,198,1013.7,24.2,9.9,0,0.0,0,10,Partially cloudy,partly-cloudy-night,"72534014819,KORD,KMDW,72530094846,F1983,74466504838,KPWK"
Chicago,2024-04-10T04:00:00,46.8,45.9,38.9,74.04,0.0,0,,0,0,3.4,3.1,258,1013.4,38.9,9.9,0,0.0,0,10,Partially cloudy,partly-cloudy-night,"72534014819,KORD,KMDW,72530094846,F1983,74466504838,KPWK"
Chicago,2024-04-10T05:00:00,46.7,44.7,38.9,74.29,0.0,0,,0,0,3.4,4.4,224,1013.8,64.4,9.9,0,0.0,0,10,Partially cloudy,partly-cloudy-night,"72534014819,KORD,KMDW,72530094846,F1983,74466504838,KPWK"
Chicago,2024-04-10T06:00:00,46.0,46.0,38.9,76.29,0.0,0,,0,0,4.7,1.1,319,1013.9,78.4,9.9,0,0.0,0,10,Partially cloudy,partly-cloudy-night,"72534014819,KORD,KMDW,72530094846,F1983,74466504838,KPWK"
Chicago,2024-04-10T07:00:00,46.4,46.4,39.0,75.51,0.0,0,,0,0,4.7,0.0,0,1014.4,69.5,9.9,30,0.1,0,10,Partially cloudy,partly-cloudy-day,"72534014819,KORD,KMDW,72530094846,F1983,74466504838,KPWK"
Chicago,2024-04-10T08:00:00,49.8,49.8,41.9,74.29,0.0,0,,0,0,3.4,3.0,220,1014.4,78.4,9.9,124,0.4,1,10,Partially cloudy,partly-cloudy-day,"72534014819,KORD,KMDW,72530094846,F1983,74466504838,KPWK"
Chicago,2024-04-10T09:00:00,54.7,54.7,41.1,60.18,0.0,0,,0,0,3.4,4.1,208,1014.4,78.4,9.9,216,0.8,2,10,Partially cloudy,partly-cloudy-day,"72534014819,KORD,KMDW,72530094846,F1983,74466504838,KPWK"
Chicago,2024-04-10T10:00:00,58.4,58.4,40.9,52.09,0.0,0,,0,0,4.7,2.8,0,1014.2,78.4,9.9,251,0.9,3,10,Partially cloudy,partly-cloudy-day,"72534014819,KORD,KMDW,72530094846,F1983,74466504838,KPWK"
Chicago,2024-04-10T11:00:00,61.1,61.1,39.1,44.25,0.0,0,,0,0,5.8,0.6,28,1013.8,80.9,9.9,318,1.1,3,10,Partially cloudy,partly-cloudy-day,"72534014819,KORD,KMDW,72530094846,F1983,74466504838,KPWK"
Chicago,2024-04-10T12:00:00,64.0,64.0,38.2,38.54,0.0,0,,0,0,4.7,0.4,0,1014.0,78.4,9.9,476,1.7,5,10,Partially cloudy,partly-cloudy-day,"72534014819,KORD,KMDW,72530094846,F1983,74466504838,KPWK"
Chicago,2024-04-10T13:00:00,65.8,65.8,38.8,37.0,0.0,0,,0,0,11.4,6.0,110,1013.4,78.4,9.9,367,1.3,4,10,Partially cloudy,partly-cloudy-day,"72534014819,KORD,KMDW,72530094846,F1983,74466504838,KPWK"
Chicago,2024-04-10T14:00:00,67.0,67.0,36.2,32.07,0.0,0,,0,0,13.9,3.8,94,1012.8,78.4,9.9,294,1.1,3,10,Partially cloudy,partly-cloudy-day,"72534014819,KORD,KMDW,72530094846,F1983,74466504838,KPWK"
Chicago,2024-04-10T15:00:00,66.9,66.9,34.7,30.34,0.0,0,,0,0,15.0,7.8,71,1011.8,74.1,9.9,366,1.3,4,10,Partially cloudy,partly-cloudy-day,"72534014819,KORD,KMDW,72530094846,F1983,74466504838,KPWK"
Chicago,2024-04-10T16:00:00,65.2,65.2,36.0,33.77,0.0,0,,0,0,19.7,12.5,97,1011.4,78.4,9.9,102,0.4,1,10,Partially cloudy,partly-cloudy-day,"72534014819,KORD,KMDW,72530094846,F1983,74466504838,KPWK"
Chicago,2024-04-10T17:00:00,64.1,64.1,36.7,36.05,0.0,0,,0,0,13.9,11.2,112,1011.5,91.4,9.9,135,0.5,1,10,Overcast,cloudy,"72534014819,KORD,KMDW,72530094846,F1983,74466504838,KPWK"
Chicago,2024-04-10T18:00:00,62.9,62.9,37.0,38.19,0.0,0,,0,0,12.8,10.2,82,1011.1,88.1,9.9,44,0.2,0,10,Partially cloudy,partly-cloudy-day,"72534014819,KORD,KMDW,72530094846,F1983,74466504838,KPWK"
Chicago,2024-04-10T19:00:00,62.5,62.5,33.6,33.77,0.0,0,,0,0,12.8,9.5,87,1010.3,88.1,9.9,7,0.0,0,10,Partially cloudy,partly-cloudy-day,"72534014819,KORD,KMDW,72530094846,F1983,74466504838,KPWK"
Chicago,2024-04-10T20:00:00,61.9,61.9,34.1,35.34,0.0,0,,0,0,11.4,9.7,86,1009.8,88.1,9.9,0,0.0,0,10,Partially cloudy,partly-cloudy-night,"72534014819,KORD,KMDW,72530094846,F1983,74466504838,KPWK"
Chicago,2024-04-10T21:00:00,61.1,61.1,33.2,34.89,0.0,0,,0,0,11.4,8.0,66,1009.5,88.1,9.9,0,0.0,0,10,Partially cloudy,partly-cloudy-night,"72534014819,KORD,KMDW,72530094846,F1983,74466504838,KPWK"
Chicago,2024-04-10T22:00:00,60.1,60.1,33.3,36.33,0.0,0,,0,0,11.4,7.8,61,1008.9,88.1,9.9,0,0.0,0,10,Partially cloudy,partly-cloudy-night,"72534014819,KORD,KMDW,72530094846,F1983,74466504838,KPWK"
Chicago,2024-04-10T23:00:00,58.5,58.5,34.3,40.08,0.0,0,,0,0,12.8,9.2,65,1008.3,88.1,9.9,0,0.0,0,10,Partially cloudy,partly-cloudy-night,"72534014819,KORD,KMDW,72530094846,F1983,74466504838,KPWK"
Chicago,2024-04-11T00:00:00,57.6,57.6,34.9,42.44,0.0,0,,0,0,13.9,6.6,77,1008.0,100.0,9.9,0,0.0,0,10,Overcast,cloudy,"72534014819,KORD,KMDW,72530094846,F1983,74466504838,KPWK"
Chicago,2024-04-11T01:00:00,55.3,55.3,35.9,47.77,0.0,0,,0,0,13.9,6.6,42,1007.2,98.7,9.9,0,0.0,0,10,Overcast,cloudy,"72534014819,KORD,KMDW,72530094846,F1983,74466504838,KPWK"
Chicago,2024-04-11T02:00:00,54.9,54.9,38.8,54.44,0.0,0,,0,0,13.9,10.2,63,1006.2,100.0,9.9,0,0.0,0,10,Overcast,cloudy,"72534014819,KORD,KMDW,72530094846,F1983,74466504838,KPWK"
Chicago,2024-04-11T03:00:00,53.9,53.9,42.9,66.28,0.01,100,rain,0,0,15.0,6.9,67,1005.1,100.0,9.1,0,0.0,0,10,"Rain, Overcast",rain,"72534014819,KORD,KMDW,72530094846,F1983,74466504838,KPWK"
Chicago,2024-04-11T04:00:00,52.9,52.9,43.1,69.07,0.004,100,rain,0,0,11.4,5.9,29,1004.2,100.0,9.9,0,0.0,0,10,"Rain, Overcast",rain,"72534014819,KORD,KMDW,72530094846,F1983,74466504838,KPWK"
Chicago,2024-04-11T05:00:00,52.1,52.1,43.0,71.05,0.0,0,,0,0,13.9,7.9,12,1002.8,100.0,9.9,0,0.0,0,10,Overcast,cloudy,"72534014819,KORD,KMDW,72530094846,F1983,74466504838,KPWK"
Chicago,2024-04-11T06:00:00,51.4,51.4,43.4,74.1,0.0,0,,0,0,15.0,7.9,31,1002.5,100.0,9.9,0,0.0,0,10,Overcast,cloudy,"72534014819,KORD,KMDW,72530094846,F1983,74466504838,KPWK"
Chicago,2024-04-11T07:00:00,51.0,51.0,43.1,74.04,0.0,0,,0,0,18.3,9.4,49,1003.3,100.0,9.9,3,0.0,0,10,Overcast,cloudy,"72534014819,KORD,KMDW,72530094846,F1983,74466504838,KPWK"
Chicago,2024-04-11T08:00:00,50.0,50.0,44.5,81.4,0.013,100,rain,0,0,18.3,7.9,21,1003.4,100.0,9.9,40,0.1,0,10,"Rain, Overcast",rain,"72534014819,KORD,KMDW,72530094846,F1983,74466504838,KPWK"
Chicago,2024-04-11T09:00:00,50.8,50.8,43.9,77.37,0.003,100,rain,0,0,20.8,10.5,25,1002.5,100.0,9.9,60,0.2,1,10,"Rain, Overcast",rain,"72534014819,KORD,KMDW,72530094846,F1983,74466504838,KPWK"
Chicago,2024-04-11T10:00:00,52.7,52.7,43.8,71.7,0.0,0,,0,0,23.0,10.0,18,1001.8,100.0,9.9,83,0.3,1,10,Overcast,cloudy,"72534014819,KORD,KMDW,72530094846,F1983,74466504838,KPWK"
Chicago,2024-04-11T11:00:00,53.8,53.8,43.6,68.43,0.004,100,rain,0,0,23.0,11.0,27,1001.7,100.0,9.9,72,0.3,1,10,"Rain, Overcast",rain,"72534014819,KORD,KMDW,72530094846,F1983,74466504838,KPWK"
Chicago,2024-04-11T12:00:00,56.0,56.0,42.8,60.98,0.004,100,rain,0,0,25.3,12.7,29,1001.1,100.0,9.9,160,0.6,2,10,"Rain, Overcast",rain,"72534014819,KORD,KMDW,72530094846,F1983,74466504838,KPWK"
Chicago,2024-04-11T13:00:00,57.2,57.2,41.8,56.17,0.0,0,,0,0,19.7,13.6,25,1000.9,100.0,9.9,202,0.7,2,10,Overcast,cloudy,"72534014819,KORD,KMDW,72530094846,F1983,74466504838,KPWK"
Chicago,2024-04-11T14:00:00,58.2,58.2,41.0,52.72,0.0,0,,0,0,21.9,13.0,32,1000.8,90.7,9.9,167,0.6,2,10,Overcast,cloudy,"72534014819,KORD,KMDW,72530094846,F1983,74466504838,KPWK"
Chicago,2024-04-11T15:00:00,56.3,56.3,40.7,55.77,0.0,0,,0,0,23.0,12.5,21,1000.6,95.6,9.9,94,0.3,1,10,Overcast,cloudy,"72534014819,KORD,KMDW,72530094846,F1983,74466504838,KPWK"
Chicago,2024-04-11T16:00:00,56.0,56.0,40.0,54.75,0.0,0,,0,0,21.9,11.7,14,1000.7,98.9,9.9,68,0.2,1,10,Overcast,cloudy,"72534014819,KORD,KMDW,72530094846,F1983,74466504838,KPWK"
Chicago,2024-04-11T17:00:00,56.2,56.2,41.1,56.87,0.0,0,,0,0,20.8,11.1,7,1000.5,94.3,9.9,44,0.2,0,10,Overcast,cloudy,"72534014819,KORD,KMDW,72530094846,F1983,74466504838,KPWK"
Chicago,2024-04-11T18:00:00,56.0,56.0,41.4,57.89,0.0,0,,0,0,20.8,7.3,358,1000.5,93.0,9.9,30,0.1,0,10,Overcast,cloudy,"72534014819,KORD,KMDW,72530094846,F1983,74466504838,KPWK"
Chicago,2024-04-11T19:00:00,55.7,55.7,41.7,59.25,0.0,0,,0,0,18.3,7.7,351,1000.6,100.0,9.9,7,0.0,0,10,Overcast,cloudy,"72534014819,KORD,KMDW,72530094846,F1983,74466504838,KPWK"
Chicago,2024-04-11T20:00:00,55.6,55.6,42.4,61.08,0.0,0,,0,0,15.0,8.9,2,1000.8,100.0,9.9,0,0.0,0,10,Overcast,cloudy,"72534014819,KORD,KMDW,72530094846,F1983,74466504838,KPWK"
Chicago,2024-04-11T21:00:00,54.7,54.7,40.7,59.07,0.0,0,,0,0,17.2,8.4,351,1001.2,100.0,9.9,0,0.0,0,10,Overcast,cloudy,"72534014819,KORD,KMDW,72530094846,F1983,74466504838,KPWK"
Chicago,2024-04-11T22:00:00,53.8,53.8,43.5,68.2,0.0,0,,0,0,18.3,4.8,318,1001.5,100.0,9.9,0,0.0,0,10,Overcast,cloudy,"72534014819,KORD,KMDW,72530094846,F1983,74466504838,KPWK"
Chicago,2024-04-11T23:00:00,53.6,53.6,45.0,72.44,0.0,0,,0,0,17.2,7.3,312,1001.5,100.0,9.9,0,0.0,0,10,Overcast,cloudy,"72534014819,KORD,KMDW,72530094846,F1983,74466504838,KPWK"
Chicago,2024-04-12T00:00:00,52.4,52.4,46.1,79.02,0.0,0,,0,0,16.1,9.1,304,1001.4,100.0,9.9,0,0.0,0,10,Overcast,cloudy,"72534014819,KORD,KMDW,72530094846,F1983,74466504838,KPWK"
Chicago,2024-04-12T01:00:00,51.9,51.9,47.7,85.73,0.001,100,rain,0,0,16.1,6.7,299,1001.4,100.0,9.9,0,0.0,0,10,"Rain, Overcast",rain,"72534014819,KORD,KMDW,72530094846,F1983,74466504838,KPWK"
Chicago,2024-04-12T02:00:00,50.9,50.9,46.6,85.02,0.0,0,,0,0,18.3,11.3,294,1001.4,100.0,9.9,0,0.0,0,10,Overcast,cloudy,"72534014819,KORD,KMDW,72530094846,F1983,74466504838,KPWK"
Chicago,2024-04-12T03:00:00,49.6,45.3,46.1,87.81,0.008,100,rain,0,0,21.9,10.6,300,1001.7,98.7,9.9,0,0.0,0,10,"Rain, Overcast",rain,"72534014819,KORD,KMDW,72530094846,F1983,74466504838,KPWK"
Chicago,2024-04-12T04:00:00,49.6,45.3,45.9,86.93,0.0,0,,0,0,24.2,10.8,299,1002.0,98.9,9.9,0,0.0,0,10,Overcast,cloudy,"72534014819,KORD,KMDW,72530094846,F1983,74466504838,KPWK"
Chicago,2024-04-12T05:00:00,49.6,45.5,45.0,84.0,0.0,0,,0,0,26.4,10.1,292,1002.4,96.6,9.9,0,0.0,0,10,Overcast,cloudy,"72534014819,KORD,KMDW,72530094846,F1983,74466504838,KPWK"
Chicago,2024-04-12T06:00:00,49.7,45.7,45.0,83.56,0.0,0,,0,0,20.8,9.9,300,1003.0,100.0,9.9,0,0.0,0,10,Overcast,cloudy,"72534014819,KORD,KMDW,72530094846,F1983,74466504838,KPWK"
Chicago,2024-04-12T07:00:00,49.6,44.8,44.6,83.01,0.0,0,,0,0,28.9,12.4,302,1003.9,90.3,9.9,14,0.1,0,10,Overcast,cloudy,"72534014819,KORD,KMDW,72530094846,F1983,74466504838,KPWK"
Chicago,2024-04-12T08:00:00,50.4,50.4,42.8,75.06,0.0,0,,0,0,24.2,14.5,302,1004.8,77.4,9.9,183,0.7,2,10,Partially cloudy,partly-cloudy-day,"72534014819,KORD,KMDW,72530094846,F1983,74466504838,KPWK"
Chicago,2024-04-12T09:00:00,53.1,53.1,41.9,65.75,0.0,0,,0,0,28.6,20.4,317,1005.4,59.4,9.9,441,1.6,4,10,Partially cloudy,partly-cloudy-day,"72534014819,KORD,KMDW,72530094846,F1983,74466504838,KPWK"
Chicago,2024-04-12T10:00:00,56.6,56.6,39.8,53.31,0.0,0,,0,0,35.8,20.9,312,1005.9,24.2,9.9,426,1.5,4,10,Partially cloudy,partly-cloudy-day,"72534014819,KORD,KMDW,72530094846,F1983,74466504838,KPWK"
Chicago,2024-04-12T11:00:00,59.8,59.8,39.6,47.28,0.0,0,,0,0,37.1,24.0,319,1006.6,44.2,9.9,290,1.0,3,10,Partially cloudy,partly-cloudy-day,"72534014819,KORD,KMDW,72530094846,F1983,74466504838,KPWK"
Chicago,2024-04-12T12:00:00,61.0,61.0,39.7,45.45,0.0,0,,0,0,38.1,23.4,313,1007.3,72.8,9.9,895,3.2,9,10,Partially cloudy,partly-cloudy-day,"72534014819,KORD,KMDW,72530094846,F1983,74466504838,KPWK"
Chicago,2024-04-12T13:00:00,62.2,62.2,37.6,40.16,0.0,0,,0,0,39.0,23.9,323,1007.8,89.0,9.9,156,0.6,2,10,Partially cloudy,partly-cloudy-day,"72534014819,KORD,KMDW,72530094846,F1983,74466504838,KPWK"
Chicago,2024-04-12T14:00:00,64.0,64.0,37.7,37.76,0.0,0,,0,0,34.6,17.2,311,1008.4,89.0,9.9,179,0.6,2,10,Partially cloudy,partly-cloudy-day,"72534014819,KORD,KMDW,72530094846,F1983,74466504838,KPWK"
Chicago,2024-04-12T15:00:00,61.8,61.8,36.2,38.49,0.003,100,rain,0,0,34.7,22.2,315,1008.7,89.1,9.9,130,0.5,1,10,"Rain, Partially cloudy",rain,"72534014819,KORD,KMDW,72530094846,F1983,74466504838"
Chicago,2024-04-12T16:00:00,58.5,58.5,39.5,49.07,0.01,100,rain,0,0,38.4,19.1,317,1009.8,89.1,9.9,43,0.2,0,10,"Rain, Partially cloudy",rain,"72534014819,KORD,KMDW,72530094846,F1983,74466504838"
Chicago,2024-04-12T17:00:00,59.1,59.1,36.6,42.86,0.006,100,rain,0,0,25.9,14.7,334,1010.6,89.0,9.9,46,0.2,0,10,"Rain, Partially cloudy",rain,"72534014819,KORD,KMDW,72530094846,F1983,74466504838,KPWK"
Chicago,2024-04-12T18:00:00,55.1,55.1,41.0,58.87,0.026,100,rain,0,0,22.9,13.9,5,1011.9,89.0,9.9,66,0.2,1,10,"Rain, Partially cloudy",rain,"72534014819,KORD,KMDW,72530094846,F1983,74466504838,KPWK"
Chicago,2024-04-12T19:00:00,55.2,55.2,40.9,58.45,0.008,100,rain,0,0,23.0,10.0,333,1012.7,72.8,9.9,9,0.0,0,3,"Rain, Partially cloudy",rain,"72534014819,KORD,KMDW,72530094846,F1983,74466504838,KPWK"
Chicago,2024-04-12T20:00:00,52.9,52.9,40.1,61.68,0.0,0,,0,0,23.0,5.1,273,1013.4,24.2,9.9,0,0.0,0,10,Partially cloudy,partly-cloudy-night,"72534014819,KORD,KMDW,72530094846,F1983,74466504838,KPWK"
Chicago,2024-04-12T21:00:00,52.3,52.3,39.8,62.35,0.0,0,,0,0,19.5,6.0,270,1014.3,0.0,9.9,0,0.0,0,10,Clear,clear-night,"72534014819,KORD,KMDW,72530094846,F1983,74466504838,KPWK"
Chicago,2024-04-12T22:00:00,52.0,52.0,36.3,54.86,0.0,0,,0,0,19.5,4.7,280,1015.0,0.0,9.9,0,0.0,0,10,Clear,clear-night,"72534014819,KORD,KMDW,72530094846,F1983,74466504838,KPWK"
Chicago,2024-04-12T23:00:00,51.2,51.2,35.5,54.81,0.0,0,,0,0,18.3,5.8,269,1015.6,24.2,9.9,0,0.0,0,10,Partially cloudy,partly-cloudy-night,"72534014819,KORD,KMDW,72530094846,F1983,74466504838,KPWK"
Chicago,2024-04-13T00:00:00,49.6,48.4,35.1,57.07,0.0,0,,0,0,16.1,4.1,283,1015.9,0.0,9.9,0,0.0,0,10,Clear,clear-night,"72534014819,KORD,KMDW,72530094846,F1983,74466504838,KPWK"
Chicago,2024-04-13T01:00:00,47.9,45.7,34.7,60.04,0.0,0,,0,0,15.0,5.1,280,1016.5,30.2,9.9,0,0.0,0,10,Partially cloudy,partly-cloudy-night,"72534014819,KORD,KMDW,72530094846,F1983,74466504838,KPWK"
Chicago,2024-04-13T02:00:00,48.5,45.6,34.9,59.24,0.0,0,,0,0,8.1,6.5,289,1016.7,0.0,9.9,0,0.0,0,10,Clear,clear-night,"72534014819,KORD,KMDW,72530094846,F1983,74466504838,KPWK"
Chicago,2024-04-13T03:00:00,47.9,45.0,34.0,58.38,0.0,0,,0,0,8.1,6.3,297,1017.0,0.0,9.9,0,0.0,0,10,Clear,clear-night,"KORD,KMDW,72530094846,F1983,KPWK"
Chicago,2024-04-13T04:00:00,46.6,43.5,34.0,61.29,0.0,0,,0,0,8.1,6.1,300,1017.6,0.0,9.9,0,0.0,0,10,Clear,clear-night,"KORD,KMDW,F1983,KPWK"
Chicago,2024-04-13T05:00:00,46.2,42.7,34.0,62.14,0.0,0,,0,0,8.1,6.8,280,1018.0,0.0,9.9,0,0.0,0,10,Clear,clear-night,"KORD,KMDW,F1983,KPWK"
Chicago,2024-04-13T06:00:00,44.6,41.8,33.4,64.56,0.0,0,,0,0,8.1,5.1,287,1018.4,0.0,9.9,0,0.0,0,10,Clear,clear-night,"KORD,KMDW,F1983,KPWK"
Chicago,2024-04-13T07:00:00,45.5,42.2,34.1,64.09,0.0,0,,0,0,8.1,6.1,287,1019.1,0.0,9.9,39,0.1,0,10,Clear,clear-day,"KORD,KMDW,F1983,KPWK"
Chicago,2024-04-13T08:00:00,49.5,46.8,35.0,57.25,0.0,0,,0,0,8.1,6.5,285,1019.5,0.0,9.9,265,1.0,3,10,Clear,clear-day,"KORD,KMDW,F1983,KPWK"
Chicago,2024-04-13T09:00:00,53.7,53.7,35.1,49.27,0.0,0,,0,0,6.9,6.1,295,1019.4,0.0,9.9,457,1.6,5,10,Clear,clear-day,"KORD,KMDW,F1983,KPWK"
Chicago,2024-04-13T10:00:00,57.2,57.2,34.5,42.28,0.0,0,,0,0,5.8,6.5,276,1019.5,0.0,9.9,626,2.3,6,10,Clear,clear-day,"KORD,KMDW,F1983,KPWK"
Chicago,2024-04-13T11:00:00,60.3,60.3,32.5,34.94,0.0,0,,0,0,6.9,7.5,270,1019.3,0.0,9.9,372,1.3,4,10,Clear,clear-day,"KORD,KMDW,F1983,KPWK"
Chicago,2024-04-13T12:00:00,62.5,62.5,32.2,32.02,0.0,0,,0,0,18.2,8.6,292,1018.8,0.0,9.9,698,2.5,7,10,Clear,clear-day,"KORD,KMDW,F1983,KPWK"
Chicago,2024-04-13T13:00:00,64.8,64.8,33.5,31.05,0.0,0,,0,0,2.2,10.3,278,1017.8,0.0,9.9,227,0.8,2,10,Clear,clear-day,"KORD,KMDW,F1983,KPWK"
Chicago,2024-04-13T14:00:00,67.3,67.3,34.0,29.02,0.0,0,,0,0,21.1,10.3,276,1017.0,0.0,9.9,128,0.5,1,10,Clear,clear-day,"KORD,KMDW,F1983,KPWK"
Chicago,2024-04-13T15:00:00,69.0,69.0,35.7,29.34,0.0,0,,0,0,21.2,13.6,245,1015.9,0.0,9.9,118,0.4,1,10,Clear,clear-day,"KORD,KMDW,F1983,KPWK"
Chicago,2024-04-13T16:00:00,69.7,69.7,35.2,28.08,0.0,0,,0,0,20.6,11.0,230,1014.6,16.0,9.9,49,0.2,0,10,Clear,clear-day,"KORD,KMDW,F1983,KPWK"
Chicago,2024-04-13T17:00:00,70.7,70.7,35.6,27.61,0.0,0,,0,0,26.0,12.7,213,1013.5,22.1,9.9,255,0.9,3,10,Partially cloudy,partly-cloudy-day,"KORD,KMDW,F1983,KPWK"
Chicago,2024-04-13T18:00:00,70.8,70.8,35.4,27.26,0.0,0,,0,0,24.3,13.7,211,1012.7,53.4,9.9,120,0.4,1,10,Partially cloudy,partly-cloudy-day,"KORD,KMDW,F1983,KPWK"
Chicago,2024-04-13T19:00:00,69.7,69.7,35.5,28.34,0.0,0,,0,0,22.2,13.4,208,1011.9,77.7,9.9,9,0.0,0,10,Partially cloudy,partly-cloudy-day,"KORD,KMDW,F1983,KPWK"
Chicago,2024-04-13T20:00:00,68.6,68.6,36.4,30.63,0.0,0,,0,0,16.1,9.0,198,1011.1,77.7,9.9,0,0.0,0,10,Partially cloudy,partly-cloudy-night,"KORD,KMDW,F1983,KPWK"
Chicago,2024-04-13T21:00:00,66.8,66.8,37.9,34.5,0.0,0,,0,0,22.4,14.3,198,1010.7,62.4,9.9,0,0.0,0,10,Partially cloudy,partly-cloudy-night,"KORD,KMDW,F1983,KPWK"
Chicago,2024-04-13T22:00:00,65.9,65.9,40.1,38.73,0.0,0,,0,0,25.5,16.2,201,1010.2,53.4,9.9,0,0.0,0,10,Partially cloudy,partly-cloudy-night,"KORD,KMDW,F1983,KPWK"
Chicago,2024-04-13T23:00:00,65.4,65.4,42.4,43.18,0.0,0,,0,0,26.4,17.0,201,1009.3,77.7,9.9,0,0.0,0,10,Partially cloudy,partly-cloudy-night,"KORD,KMDW,F1983,KPWK"
Orlando,2024-04-10T00:00:00,67.0,67.0,60.2,78.87,0.0,0,,0,0,9.2,5.8,117,1019.6,9.4,9.9,0,0.0,0,10,Clear,clear-night,"72205312841,1341W,72205712854,72205012815,KISM,KORL,KMCO"
Orlando,2024-04-10T01:00:00,66.2,66.2,60.3,81.38,0.0,0,,0,0,8.1,5.8,100,1019.0,88.6,9.9,0,0.0,0,10,Partially cloudy,partly-cloudy-night,"72205312841,1341W,72205712854,72205012815,KISM,KORL,KMCO"
Orlando,2024-04-10T02:00:00,66.2,66.2,61.1,83.66,0.0,0,,0,0,6.9,7.2,113,1018.0,90.5,9.9,0,0.0,0,10,Overcast,cloudy,"72205312841,1341W,72205712854,72205012815,KISM,KORL,KMCO"
Orlando,2024-04-10T03:00:00,66.8,66.8,61.1,81.81,0.0,0,,0,0,5.8,8.2,120,1017.3,89.2,9.9,0,0.0,0,10,Partially cloudy,partly-cloudy-night,"72205312841,1341W,72205712854,72205012815,KISM,KORL,KMCO"
Orlando,2024-04-10T04:00:00,66.2,66.2,61.2,83.99,0.0,0,,0,0,5.8,7.3,139,1017.0,10.5,9.9,0,0.0,0,10,Clear,clear-night,"72205312841,1341W,72205712854,72205012815,KISM,KORL,KMCO"
Orlando,2024-04-10T05:00:00,66.2,66.2,62.1,86.66,0.0,0,,0,0,5.8,7.0,129,1016.6,55.4,9.9,0,0.0,0,10,Partially cloudy,partly-cloudy-night,"72205312841,1341W,72205712854,72205012815,KISM,KORL,KMCO"
Orlando,2024-04-10T06:00:00,65.5,65.5,62.2,88.99,0.0,0,,0,0,5.8,5.3,121,1016.6,36.5,9.9,0,0.0,0,10,Partially cloudy,partly-cloudy-night,"72205312841,1341W,72205712854,72205012815,KISM,KORL,KMCO"
Orlando,2024-04-10T07:00:00,67.1,67.1,63.0,86.71,0.0,0,,0,0,6.9,7.3,120,1017.1,88.3,9.9,0,0.0,0,10,Partially cloudy,partly-cloudy-night,"72205312841,1341W,72205712854,72205012815,KISM,KORL,KMCO"
Orlando,2024-04-10T08:00:00,68.1,68.1,63.0,83.6,0.0,0,,0,0,9.2,8.1,129,1017.8,97.6,9.9,90,0.3,1,10,Overcast,cloudy,"72205312841,1341W,72205712854,72205012815,KISM,KORL,KMCO"
Orlando,2024-04-10T09:00:00,71.0,71.0,64.1,78.86,0.0,0,,0,0,12.8,8.2,130,1017.9,8.0,9.9,213,0.8,2,10,Clear,clear-day,"72205312841,1341W,72205712854,72205012815,KISM,KORL,KMCO"
Orlando,2024-04-10T10:00:00,75.0,75.0,65.0,71.18,0.0,0,,0,0,17.2,14.7,122,1017.8,35.7,9.9,358,1.3,4,10,Partially cloudy,partly-cloudy-day,"72205312841,1341W,72205712854,72205012815,KISM,KORL,KMCO"
Orlando,2024-04-10T11:00:00,77.0,77.0,64.2,64.75,0.0,0,,0,0,23.0,15.6,158,1017.6,88.7,9.9,264,1.0,3,10,Partially cloudy,partly-cloudy-day,"72205312841,1341W,72205712854,72205012815,KISM,KORL,KMCO"
Orlando,2024-04-10T12:00:00,80.9,82.5,64.0,56.45,0.0,0,,0,0,26.5,14.9,143,1016.9,30.6,9.9,904,3.3,9,10,Partially cloudy,partly-cloudy-day,"72205312841,1341W,72205712854,72205012815,KISM,KORL,KMCO"
Orlando,2024-04-10T13:00:00,81.2,82.2,61.9,52.08,0.0,0,,0,0,23.0,12.3,148,1015.9,83.6,9.9,1007,3.6,10,10,Partially cloudy,partly-cloudy-day,"72205312841,1341W,72205712854,72205012815,KISM,KORL,KMCO"
Orlando,2024-04-10T14:00:00,84.0,84.1,60.2,44.68,0.0,0,,0,0,28.8,18.1,160,1015.3,30.7,9.9,963,3.5,10,10,Partially cloudy,partly-cloudy-day,"72205312841,1341W,72205712854,72205012815,KISM,KORL,KMCO"
Orlando,2024-04-10T15:00:00,86.0,86.4,61.9,44.59,0.0,0,,0,0,26.4,15.4,140,1014.2,29.8,9.9,235,0.8,2,10,Partially cloudy,partly-cloudy-day,"72205312841,1341W,72205712854,72205012815,KISM,KORL,KMCO"
Orlando,2024-04-10T16:00:00,84.3,84.9,61.9,46.98,0.0,0,,0,0,23.7,12.8,135,1013.4,83.9,9.9,300,1.1,3,10,Partially cloudy,partly-cloudy-day,"72205312841,1341W,72205712854,72205012815,KISM,KORL,KMCO"
Orlando,2024-04-10T17:00:00,81.4,83.5,65.8,59.21,0.0,0,,0,0,16.1,16.7,100,1012.8,84.5,9.9,113,0.4,1,10,Partially cloudy,partly-cloudy-day,"72205312841,1341W,72205712854,72205012815,KISM,KORL,KMCO"
Orlando,2024-04-10T18:00:00,82.1,84.2,65.9,58.02,0.0,0,,0,0,23.0,15.4,111,1012.3,30.5,9.9,211,0.8,2,10,Partially cloudy,partly-cloudy-day,"72205312841,1341W,72205712854,72205012815,KISM,KORL,KMCO"
Orlando,2024-04-10T19:00:00,79.2,79.2,64.2,60.17,0.0,0,,0,0,24.2,18.2,110,1011.9,6.3,9.9,38,0.1,0,10,Clear,clear-day,"72205312841,1341W,72205712854,72205012815,KISM,KORL,KMCO"
Orlando,2024-04-10T20:00:00,77.3,77.3,64.2,64.19,0.0,0,,0,0,23.3,17.0,123,1012.1,88.3,9.9,0,0.0,0,10,Partially cloudy,partly-cloudy-night,"72205312841,1341W,72205712854,72205012815,KISM,KORL,KMCO"
Orlando,2024-04-10T21:00:00,76.0,76.0,63.1,64.43,0.0,0,,0,0,25.3,14.8,139,1012.5,5.9,9.9,0,0.0,0,10,Clear,clear-night,"72205312841,1341W,72205712854,72205012815,KISM,KORL,KMCO"
Orlando,2024-04-10T22:00:00,74.9,74.9,63.1,66.68,0.0,0,,0,0,24.2,13.5,141,1013.0,2.9,9.9,0,0.0,0,10,Clear,clear-night,"72205312841,1341W,72205712854,72205012815,KISM,KORL,KMCO"
Orlando,2024-04-10T23:00:00,74.0,74.0,63.0,68.4,0.0,0,,0,0,21.9,16.1,150,1013.1,0.0,9.9,0,0.0,0,10,Clear,clear-night,"72205312841,1341W,72205712854,72205012815,KISM,KORL,KMCO"
Orlando,2024-04-11T00:00:00,73.1,73.1,63.0,70.47,0.0,0,,0,0,21.9,15.0,150,1012.8,0.0,9.9,0,0.0,0,10,Clear,clear-night,"72205312841,1341W,72205712854,72205012815,KISM,KORL,KMCO"
Orlando,2024-04-11T01:00:00,73.0,73.0,64.1,73.8,0.0,0,,0,0,24.2,14.0,159,1013.2,0.0,9.9,0,0.0,0,10,Clear,clear-night,"72205312841,1341W,72205712854,72205012815,KISM,KORL,KMCO"
Orlando,2024-04-11T02:00:00,73.0,73.0,64.3,74.13,0.0,0,,0,0,21.9,13.7,160,1013.1,9.4,9.9,0,0.0,0,10,Clear,clear-night,"72205312841,1341W,72205712854,72205012815,KISM,KORL,KMCO"
Orlando,2024-04-11T03:00:00,72.0,72.0,66.0,81.41,0.0,0,,0,0,21.9,14.0,169,1012.2,2.9,9.9,0,0.0,0,10,Clear,clear-night,"72205312841,1341W,72205712854,72205012815,KISM,KORL,KMCO"
Orlando,2024-04-11T04:00:00,73.0,73.0,66.8,81.13,0.0,0,,0,0,24.2,14.8,170,1011.2,98.2,9.9,0,0.0,0,10,Overcast,cloudy,"72205312841,1341W,72205712854,72205012815,KISM,KORL,KMCO"
Orlando,2024-04-11T05:00:00,73.1,73.1,68.0,84.11,0.0,0,,0,0,26.5,16.4,160,1010.8,98.8,9.9,0,0.0,0,10,Overcast,cloudy,"72205312841,1341W,72205012815,KISM,KORL,KMCO"
Orlando,2024-04-11T06:00:00,73.0,73.0,69.2,87.76,0.0,0,,0,0,31.7,17.0,179,1010.9,98.7,9.9,0,0.0,0,10,Overcast,cloudy,"72205312841,1341W,72205712854,72205012815,KISM,KORL,KMCO"
Orlando,2024-04-11T07:00:00,73.0,73.0,69.2,87.73,0.0,0,,0,0,29.2,19.2,161,1011.1,98.7,9.9,4,0.0,0,10,Overcast,cloudy,"72205312841,1341W,72205712854,72205012815,KISM,KORL,KMCO"
Orlando,2024-04-11T08:00:00,73.1,73.1,69.2,87.33,0.0,0,,0,0,26.4,16.6,180,1011.6,89.2,9.9,77,0.3,1,5,Partially cloudy,partly-cloudy-day,"72205312841,1341W,72205712854,72205012815,KISM,KORL,KMCO"
Orlando,2024-04-11T09:00:00,75.0,75.0,70.1,84.57,0.0,0,,0,0,32.6,20.6,170,1010.7,89.2,9.9,241,0.9,2,10,Partially cloudy,partly-cloudy-day,"72205312841,1341W,72205712854,72205012815,KISM,KORL,KMCO"
Orlando,2024-04-11T10:00:00,77.0,77.0,70.1,79.17,0.0,0,,0,0,36.3,20.3,179,1010.7,100.0,9.9,200,0.7,2,10,Overcast,cloudy,"72205312841,1341W,72205712854,72205012815,KISM,KORL,KMCO"
Orlando,2024-04-11T11:00:00,78.2,78.2,70.9,78.45,0.0,0,,0,0,33.0,18.2,180,1010.5,100.0,9.9,404,1.5,4,10,Overcast,cloudy,"72205312841,1341W,72205712854,72205012815,KISM,KORL,KMCO"
Orlando,2024-04-11T12:00:00,80.4,84.1,71.2,73.49,0.0,0,,0,0,35.5,22.6,182,1009.4,99.9,9.9,230,0.8,2,10,Overcast,cloudy,"72205312841,1341W,72205712854,72205012815,KISM,KORL,KMCO"
Orlando,2024-04-11T13:00:00,81.1,85.1,71.0,71.6,0.0,0,,0,0,34.4,18.5,189,1008.7,99.9,9.9,37,0.1,0,10,Overcast,cloudy,"72205312841,1341W,72205712854,72205012815,KISM,KORL,KMCO"
Orlando,2024-04-11T14:00:00,78.5,78.5,71.9,80.22,0.013,100,rain,0,0,35.0,18.2,190,1008.1,100.0,8.2,28,0.1,0,30,"Rain, Overcast",rain,"72205312841,1341W,72205712854,72205012815,KISM,KORL,KMCO"
Orlando,2024-04-11T15:00:00,75.1,75.1,73.6,95.38,0.208,100,rain,0,0,39.9,24.7,248,1009.1,100.0,1.0,144,0.5,1,30,"Rain, Overcast",rain,"72205312841,1341W,KORL,KMCO"
Orlando,2024-04-11T16:00:00,74.1,74.1,69.9,86.82,0.172,100,rain,0,0,30.1,11.8,250,1009.3,100.0,9.9,538,1.9,5,30,"Rain, Overcast",rain,"72205312841,1341W,72205012815,KISM,KORL,KMCO"
Orlando,2024-04-11T17:00:00,76.0,76.0,70.1,81.96,0.0,0,,0,0,21.9,14.6,252,1009.1,90.5,9.9,426,1.5,4,3,Overcast,cloudy,"72205312841,1341W,72205712854,72205012815,KISM,KORL,KMCO"
Orlando,2024-04-11T18:00:00,78.3,78.3,66.0,66.16,0.0,0,,0,0,30.7,17.1,250,1009.7,54.1,9.9,310,1.1,3,3,Partially cloudy,partly-cloudy-day,"72205312841,1341W,72205712854,72205012815,KISM,KORL,KMCO"
Orlando,2024-04-11T19:00:00,76.0,76.0,63.1,64.32,0.0,0,,0,0,31.6,20.3,259,1010.0,5.9,9.9,78,0.3,1,10,Clear,clear-day,"72205312841,1341W,72205712854,72205012815,KISM,KORL,KMCO"
Orlando,2024-04-11T20:00:00,74.0,74.0,60.5,62.64,0.0,0,,0,0,27.9,14.4,242,1010.8,5.3,9.9,0,0.0,0,10,Clear,clear-night,"72205312841,1341W,72205712854,72205012815,KISM,KORL,KMCO"
Orlando,2024-04-11T21:00:00,72.1,72.1,61.1,68.35,0.0,0,,0,0,21.9,13.4,250,1011.7,2.9,9.9,0,0.0,0,10,Clear,clear-night,"72205312841,1341W,72205712854,72205012815,KISM,KORL,KMCO"
Orlando,2024-04-11T22:00:00,71.1,71.1,61.1,70.74,0.0,0,,0,0,24.9,14.7,250,1012.7,2.9,9.9,0,0.0,0,10,Clear,clear-night,"72205312841,1341W,72205712854,72205012815,KISM,KORL,KMCO"
Orlando,2024-04-11T23:00:00,70.1,70.1,62.0,75.68,0.0,0,,0,0,20.8,12.6,231,1013.6,3.2,9.9,0,0.0,0,10,Clear,clear-night,"72205312841,1341W,72205712854,72205012815,KISM,KORL,KMCO"
Orlando,2024-04-12T00:00:00,70.1,70.1,62.1,75.78,0.0,0,,0,0,20.8,12.4,240,1014.2,88.2,9.9,0,0.0,0,10,Partially cloudy,partly-cloudy-night,"72205312841,1341W,72205712854,72205012815,KISM,KORL,KMCO"
Orlando,2024-04-12T01:00:00,69.3,69.3,62.1,77.84,0.0,0,,0,0,32.2,13.4,260,1014.6,89.1,9.9,0,0.0,0,10,Partially cloudy,partly-cloudy-night,"72205312841,1341W,72205712854,72205012815,KISM,KORL,KMCO"
Orlando,2024-04-12T02:00:00,69.1,69.1,60.3,73.43,0.0,0,,0,0,27.7,16.1,269,1015.0,98.6,9.9,0,0.0,0,10,Overcast,cloudy,"72205312841,1341W,72205712854,72205012815,KISM,KORL,KMCO"
Orlando,2024-04-12T03:00:00,66.9,66.9,59.0,75.66,0.0,0,,0,0,27.8,13.6,280,1015.5,49.9,9.9,0,0.0,0,10,Partially cloudy,partly-cloudy-night,"72205312841,1341W,72205712854,72205012815,KISM,KORL,KMCO"
Orlando,2024-04-12T04:00:00,65.9,65.9,57.0,73.07,0.0,0,,0,0,24.0,16.5,289,1015.9,5.8,9.9,0,0.0,0,10,Clear,clear-night,"72205312841,1341W,72205712854,72205012815,KISM,KORL,KMCO"
Orlando,2024-04-12T05:00:00,65.0,65.0,56.9,75.11,0.0,0,,0,0,21.9,12.8,309,1016.9,27.1,9.9,0,0.0,0,10,Partially cloudy,partly-cloudy-night,"72205312841,1341W,72205712854,72205012815,KISM,KORL,KMCO"
Orlando,2024-04-12T06:00:00,62.9,62.9,53.3,70.73,0.0,0,,0,0,13.9,9.6,330,1017.7,0.0,9.9,0,0.0,0,10,Clear,clear-night,"72205312841,1341W,72205712854,72205012815,KISM,KORL,KMCO"
Orlando,2024-04-12T07:00:00,62.0,62.0,51.2,67.71,0.0,0,,0,0,9.2,6.3,320,1018.7,2.9,9.9,6,0.0,0,10,Clear,clear-night,"72205312841,1341W,72205712854,72205012815,KISM,KORL,KMCO"
Orlando,2024-04-12T08:00:00,62.1,62.1,52.1,69.6,0.001,100,rain,0,0,8.1,6.4,302,1019.7,2.9,9.9,131,0.5,1,10,Rain,rain,"72205312841,1341W,72205712854,72205012815,KISM,KORL,KMCO"
Orlando,2024-04-12T09:00:00,65.1,65.1,51.2,60.63,0.0,0,,0,0,9.2,12.4,313,1020.3,2.9,9.9,339,1.2,3,10,Clear,clear-day,"72205312841,1341W,72205712854,72205012815,KISM,KORL,KMCO"
Orlando,2024-04-12T10:00:00,69.3,69.3,50.1,50.6,0.0,0,,0,0,13.9,11.5,330,1020.7,2.9,9.9,595,2.1,6,10,Clear,clear-day,"72205312841,1341W,72205712854,72205012815,KISM,KORL,KMCO"
Orlando,2024-04-12T11:00:00,72.1,72.1,47.2,41.24,0.0,0,,0,0,23.0,11.7,320,1021.3,2.9,9.9,761,2.7,8,10,Clear,clear-day,"72205312841,1341W,72205712854,72205012815,KISM,KORL,KMCO"
Orlando,2024-04-12T12:00:00,74.1,74.1,45.9,36.58,0.0,0,,0,0,19.1,14.1,274,1021.2,2.9,9.9,882,3.2,9,10,Clear,clear-day,"72205312841,1341W,72205712854,72205012815,KISM,KORL,KMCO"
Orlando,2024-04-12T13:00:00,76.0,76.0,48.7,38.28,0.0,0,,0,0,25.8,15.4,274,1020.5,3.0,9.9,935,3.4,9,10,Clear,clear-day,"72205312841,1341W,72205712854,72205012815,KORL,KMCO"
Orlando,2024-04-12T14:00:00,76.1,76.1,50.0,39.96,0.0,0,,0,0,18.6,11.4,290,1019.9,2.9,9.9,922,3.3,9,10,Clear,clear-day,"72205312841,1341W,72205712854,72205012815,KISM,KORL,KMCO"
Orlando,2024-04-12T15:00:00,79.1,79.1,52.1,39.11,0.0,0,,0,0,29.6,10.0,278,1019.1,2.9,9.9,846,3.0,8,10,Clear,clear-day,"72205312841,1341W,72205712854,72205012815,KISM,KORL,KMCO"
Orlando,2024-04-12T16:00:00,79.2,79.2,52.1,38.97,0.0,0,,0,0,31.0,15.9,253,1018.4,2.9,9.9,715,2.6,7,10,Clear,clear-day,"72205312841,1341W,72205712854,72205012815,KISM,KORL,KMCO"
Orlando,2024-04-12T17:00:00,79.2,79.2,52.0,38.85,0.0,0,,0,0,24.8,18.0,262,1018.2,2.9,9.9,537,1.9,5,10,Clear,clear-day,"72205312841,1341W,72205712854,72205012815,KISM,KORL,KMCO"
Orlando,2024-04-12T18:00:00,78.2,78.2,52.0,40.15,0.0,0,,0,0,26.2,20.4,286,1018.5,0.0,9.9,325,1.2,3,10,Clear,clear-day,"72205312841,1341W,72205712854,72205012815,KISM,KORL,KMCO"
Orlando,2024-04-12T19:00:00,75.0,75.0,52.0,44.52,0.0,0,,0,0,25.3,16.1,279,1018.8,2.9,9.9,79,0.3,1,10,Clear,clear-day,"72205312841,1341W,72205712854,72205012815,KISM,KORL,KMCO"
Orlando,2024-04-12T20:00:00,71.9,71.9,48.2,42.91,0.0,0,,0,0,25.3,18.1,279,1019.5,2.9,9.9,0,0.0,0,10,Clear,clear-night,"72205312841,1341W,72205712854,72205012815,KISM,KORL,KMCO"
Orlando,2024-04-12T21:00:00,70.0,70.0,47.1,44.05,0.0,0,,0,0,23.0,15.8,279,1020.4,0.0,9.9,0,0.0,0,10,Clear,clear-night,"72205312841,1341W,72205712854,72205012815,KISM,KORL,KMCO"
Orlando,2024-04-12T22:00:00,68.0,68.0,47.1,47.11,0.0,0,,0,0,21.9,13.6,280,1021.3,0.0,9.9,0,0.0,0,10,Clear,clear-night,"72205312841,1341W,72205712854,72205012815,KISM,KORL,KMCO"
Orlando,2024-04-12T23:00:00,66.0,66.0,48.0,52.37,0.0,0,,0,0,12.8,12.5,281,1022.2,0.0,9.9,0,0.0,0,10,Clear,clear-night,"72205312841,1341W,72205712854,72205012815,KISM,KORL,KMCO"
Orlando,2024-04-13T00:00:00,65.1,65.1,47.8,53.68,0.0,0,,0,0,12.8,11.0,300,1022.6,0.0,9.9,0,0.0,0,10,Clear,clear-night,"72205312841,1341W,72205712854,72205012815,KISM,KORL,KMCO"
Orlando,2024-04-13T01:00:00,64.1,64.1,51.0,62.5,0.0,0,,0,0,11.4,11.1,291,1022.7,0.0,9.9,0,0.0,0,10,Clear,clear-night,"72205312841,1341W,72205712854,72205012815,KISM,KORL,KMCO"
Orlando,2024-04-13T02:00:00,62.9,62.9,52.0,67.67,0.0,0,,0,0,20.8,9.9,299,1022.6,0.0,9.9,0,0.0,0,10,Clear,clear-night,"72205312841,1341W,72205712854,72205012815,KISM,KORL,KMCO"
Orlando,2024-04-13T03:00:00,62.7,62.7,53.0,70.52,0.0,0,,0,0,9.2,7.0,301,1022.6,0.0,9.9,0,0.0,0,10,Clear,clear-night,"72205312841,1341W,72205712854,72205012815,KISM,KORL,KMCO"
Orlando,2024-04-13T04:00:00,60.9,60.9,54.0,77.9,0.0,0,,0,0,9.2,7.7,306,1022.6,0.0,9.9,0,0.0,0,10,Clear,clear-night,"1341W,KISM,KORL,KMCO"
Orlando,2024-04-13T05:00:00,60.7,60.7,53.2,76.38,0.0,0,,0,0,9.2,6.6,307,1022.9,0.0,9.9,0,0.0,0,10,Clear,clear-night,"1341W,KISM,KORL,KMCO"
Orlando,2024-04-13T06:00:00,60.0,60.0,51.5,73.44,0.0,0,,0,0,8.1,5.8,330,1023.4,0.0,9.9,0,0.0,0,10,Clear,clear-night,"1341W,KISM,KORL,KMCO"
Orlando,2024-04-13T07:00:00,59.7,59.7,49.2,68.17,0.0,0,,0,0,6.9,6.7,340,1024.1,2.7,9.9,6,0.0,0,10,Clear,clear-night,"1341W,KISM,KORL,KMCO"
Orlando,2024-04-13T08:00:00,60.1,60.1,48.3,65.02,0.0,0,,0,0,8.1,7.9,333,1024.8,0.0,9.9,138,0.5,1,10,Clear,clear-day,"1341W,KISM,KORL,KMCO"
Orlando,2024-04-13T09:00:00,65.2,65.2,44.4,46.79,0.0,0,,0,0,13.9,12.7,352,1025.2,0.0,9.9,350,1.3,4,10,Clear,clear-day,"1341W,KISM,KORL,KMCO"
Orlando,2024-04-13T10:00:00,69.4,69.4,43.7,39.52,0.0,0,,0,0,16.1,9.7,19,1025.3,0.0,9.9,602,2.2,6,10,Clear,clear-day,"1341W,KISM,KORL,KMCO"
Orlando,2024-04-13T11:00:00,71.5,71.5,38.0,29.51,0.0,0,,0,0,21.9,13.1,29,1025.9,2.7,9.9,781,2.8,8,10,Clear,clear-day,"1341W,KISM,KORL,KMCO"
Orlando,2024-04-13T12:00:00,74.1,74.1,36.2,25.13,0.0,0,,0,0,18.6,8.4,3,1025.9,2.7,9.9,898,3.2,9,10,Clear,clear-day,"1341W,KISM,KORL,KMCO"
Orlando,2024-04-13T13:00:00,75.0,75.0,37.2,25.4,0.0,0,,0,0,13.9,9.4,22,1025.3,2.7,9.9,958,3.4,10,10,Clear,clear-day,"1341W,KISM,KORL,KMCO"
Orlando,2024-04-13T14:00:00,75.2,75.2,37.2,25.24,0.0,0,,0,0,13.9,5.2,40,1024.5,2.7,9.9,950,3.4,10,10,Clear,clear-day,"1341W,KISM,KORL,KMCO"
Orlando,2024-04-13T15:00:00,77.1,77.1,37.3,23.72,0.0,0,,0,0,9.2,6.1,53,1023.5,2.7,9.9,877,3.2,9,10,Clear,clear-day,"1341W,KISM,KORL,KMCO"
Orlando,2024-04-13T16:00:00,78.4,78.4,36.2,21.86,0.0,0,,0,0,8.1,8.9,327,1022.7,5.3,9.9,741,2.7,7,10,Clear,clear-day,"1341W,KISM,KORL,KMCO"
Orlando,2024-04-13T17:00:00,78.3,78.3,36.0,21.77,0.0,0,,0,0,6.9,4.9,247,1022.1,2.7,9.9,558,2.0,6,10,Clear,clear-day,"1341W,KISM,KORL,KMCO"
Orlando,2024-04-13T18:00:00,80.1,78.6,34.3,19.14,0.0,0,,0,0,6.9,6.6,345,1022.0,2.7,9.9,341,1.2,3,10,Clear,clear-day,"1341W,KISM,KORL,KMCO"
Orlando,2024-04-13T19:00:00,78.1,78.1,35.3,21.23,0.0,0,,0,0,6.9,0.6,356,1021.7,2.7,9.9,86,0.3,1,10,Clear,clear-day,"1341W,KISM,KORL,KMCO"
Orlando,2024-04-13T20:00:00,70.4,70.4,48.7,46.06,0.0,0,,0,0,6.9,5.1,92,1021.8,2.7,9.9,0,0.0,0,10,Clear,clear-night,"1341W,KISM,KORL,KMCO"
Orlando,2024-04-13T21:00:00,66.3,66.3,48.9,53.35,0.0,0,,0,0,5.8,6.0,104,1022.6,2.7,9.9,0,0.0,0,10,Clear,clear-night,"1341W,KISM,KORL,KMCO"
Orlando,2024-04-13T22:00:00,64.2,64.2,48.9,57.41,0.0,0,,0,0,5.8,4.9,112,1023.3,0.0,9.9,0,0.0,0,10,Clear,clear-night,"1341W,KISM,KORL,KMCO"
Orlando,2024-04-13T23:00:00,61.0,61.0,49.0,64.59,0.0,0,,0,0,4.7,4.7,145,1023.4,0.0,9.9,0,0.0,0,10,Clear,clear-night,"1341W,KISM,KORL,KMCO"
New York,2024-04-10T00:00:00,60.1,60.1,39.8,46.98,0.0,0,,0,0,9.2,0.1,6,1016.8,1.7,9.9,0,0.0,0,10,Clear,clear-night,"72505394728,72055399999,KLGA,KJRB,F1417,KNYC,72503014732"
New York,2024-04-10T01:00:00,57.9,57.9,39.9,51.01,0.0,0,,0,0,9.2,0.3,8,1016.5,1.7,9.9,0,0.0,0,10,Clear,clear-night,"72505394728,72055399999,KLGA,KJRB,F1417,KNYC,72503014732"
New York,2024-04-10T02:00:00,55.2,55.2,42.0,61.05,0.0,0,,0,0,8.1,10.0,43,1016.8,1.5,9.9,0,0.0,0,10,Clear,clear-night,"72505394728,72055399999,KLGA,KJRB,F1417,KNYC,72503014732"
New York,2024-04-10T03:00:00,53.2,53.2,42.0,65.68,0.0,0,,0,0,8.1,8.9,42,1016.7,1.5,9.9,0,0.0,0,10,Clear,clear-night,"72505394728,72055399999,KLGA,KJRB,F1417,KNYC,72503014732"
New York,2024-04-10T04:00:00,52.2,52.2,42.1,68.39,0.0,0,,0,0,8.1,7.9,41,1016.3,1.5,9.9,0,0.0,0,10,Clear,clear-night,"72505394728,72055399999,KLGA,KJRB,F1417,KNYC,72503014732"
New York,2024-04-10T05:00:00,52.2,52.2,43.0,70.83,0.0,0,,0,0,9.2,9.0,43,1016.8,1.7,9.9,0,0.0,0,10,Clear,clear-night,"72505394728,72055399999,KLGA,KJRB,F1417,KNYC,72503014732"
New York,2024-04-10T06:00:00,51.2,51.2,43.0,73.32,0.0,0,,0,0,10.3,10.0,40,1017.5,1.7,9.9,0,0.0,0,10,Clear,clear-night,"72505394728,72055399999,KLGA,KJRB,F1417,KNYC,72503014732"
New York,2024-04-10T07:00:00,51.2,51.2,44.0,76.18,0.0,0,,0,0,10.3,8.1,33,1018.1,1.7,9.9,51,0.2,1,10,Clear,clear-day,"72505394728,72055399999,KLGA,KJRB,F1417,KNYC,72503014732"
New York,2024-04-10T08:00:00,52.1,52.1,44.8,76.25,0.0,0,,0,0,11.4,7.1,42,1018.1,1.5,9.9,148,0.5,1,10,Clear,clear-day,"72505394728,72055399999,KLGA,KJRB,F1417,KNYC,72503014732"
New York,2024-04-10T09:00:00,55.1,55.1,44.9,68.53,0.0,0,,0,0,12.8,8.1,70,1017.9,1.5,9.9,258,0.9,3,10,Clear,clear-day,"72505394728,72055399999,KLGA,KJRB,F1417,KNYC,72503014732"
New York,2024-04-10T10:00:00,56.0,56.0,46.9,71.4,0.0,0,,0,0,12.8,4.9,40,1018.2,1.5,7.0,700,2.5,7,10,Clear,clear-day,"72505394728,72055399999,KLGA,KJRB,F1417,KNYC,72503014732"
New York,2024-04-10T11:00:00,56.9,56.9,47.7,71.21,0.0,0,,0,0,12.8,5.0,153,1018.3,24.8,9.9,316,1.1,3,10,Partially cloudy,partly-cloudy-day,"72505394728,72055399999,KLGA,KJRB,F1417,KNYC,72503014732"
New York,2024-04-10T12:00:00,57.0,57.0,47.8,71.16,0.0,0,,0,0,12.8,9.2,60,1018.3,98.9,9.9,438,1.6,4,10,Overcast,cloudy,"72505394728,72055399999,KLGA,KJRB,F1417,KNYC"
New York,2024-04-10T13:00:00,57.1,57.1,47.8,71.02,0.0,0,,0,0,11.4,9.1,43,1017.7,82.6,8.8,461,1.7,5,10,Partially cloudy,partly-cloudy-day,"72505394728,72055399999,KLGA,KJRB,F1417,KNYC,72503014732"
New York,2024-04-10T14:00:00,60.3,60.3,49.8,68.41,0.0,0,,0,0,11.4,11.2,42,1016.9,88.3,9.9,674,2.4,7,10,Partially cloudy,partly-cloudy-day,"72505394728,72055399999,KLGA,KJRB,F1417,KNYC"
New York,2024-04-10T15:00:00,64.1,64.1,50.9,62.28,0.0,0,,0,0,10.3,5.0,42,1016.3,29.5,9.9,522,1.9,5,10,Partially cloudy,partly-cloudy-day,"72505394728,72055399999,KLGA,KJRB,F1417,KNYC,72503014732"
New York,2024-04-10T16:00:00,62.0,62.0,47.8,59.77,0.0,0,,0,0,6.9,10.3,41,1015.2,89.1,9.9,171,0.6,2,10,Partially cloudy,partly-cloudy-day,"72505394728,72055399999,KLGA,KJRB,F1417,KNYC,72503014732"
New York,2024-04-10T17:00:00,60.2,60.2,47.8,63.57,0.0,0,,0,0,20.8,7.0,59,1015.8,89.1,9.9,431,1.6,4,10,Partially cloudy,partly-cloudy-day,"72505394728,72055399999,KLGA,KJRB,F1417,KNYC,72503014732"
New York,2024-04-10T18:00:00,57.9,57.9,47.0,66.93,0.0,0,,0,0,6.9,6.0,69,1016.3,88.1,9.9,181,0.7,2,10,Partially cloudy,partly-cloudy-day,"72505394728,72055399999,KLGA,KJRB,F1417,KNYC,72503014732"
New York,2024-04-10T19:00:00,56.9,56.9,48.7,73.84,0.0,0,,0,0,23.0,7.9,168,1016.3,99.6,9.9,12,0.0,0,10,Overcast,cloudy,"72505394728,72055399999,KLGA,KJRB,F8726,KNYC,72503014732"
New York,2024-04-10T20:00:00,55.1,55.1,48.7,78.88,0.0,0,,0,0,6.9,4.7,79,1016.7,99.6,9.9,0,0.0,0,10,Overcast,cloudy,"72505394728,72055399999,KLGA,KJRB,F8726,KNYC,72503014732"
New York,2024-04-10T21:00:00,53.0,53.0,46.9,79.71,0.0,0,,0,0,26.4,9.1,60,1016.8,88.1,9.9,0,0.0,0,10,Partially cloudy,partly-cloudy-night,"72505394728,72055399999,KLGA,KJRB,F8726,KNYC,72503014732"
New York,2024-04-10T22:00:00,53.0,53.0,46.1,77.38,0.0,0,,0,0,22.0,14.7,50,1017.3,98.6,9.9,0,0.0,0,10,Overcast,cloudy,"72505394728,72055399999,KLGA,KJRB,F8726,KNYC,72503014732"
New York,2024-04-10T23:00:00,51.2,51.2,46.0,82.55,0.0,0,,0,0,18.3,13.7,59,1017.5,88.5,9.9,0,0.0,0,10,Partially cloudy,partly-cloudy-night,"72505394728,72055399999,KLGA,KJRB,F1417,KNYC,72503014732"
New York,2024-04-11T00:00:00,51.1,51.1,46.9,85.35,0.0,0,,0,0,5.8,11.3,50,1017.5,100.0,9.9,0,0.0,0,10,Overcast,cloudy,"72505394728,72055399999,KLGA,KJRB,F1417,KNYC,72503014732"
New York,2024-04-11T01:00:00,51.1,51.1,46.0,82.67,0.0,0,,0,0,5.8,8.9,32,1017.7,100.0,9.9,0,0.0,0,10,Overcast,cloudy,"72505394728,72055399999,KLGA,KJRB,F1417,KNYC,72503014732"
New York,2024-04-11T02:00:00,51.1,51.1,46.1,82.77,0.0,0,,0,0,5.8,10.2,41,1017.0,86.0,9.9,0,0.0,0,10,Partially cloudy,partly-cloudy-night,"72505394728,72055399999,KLGA,KJRB,F1417,KNYC"
New York,2024-04-11T03:00:00,50.1,50.1,46.1,86.22,0.0,0,,0,0,9.2,12.4,50,1016.5,100.0,9.9,0,0.0,0,10,Overcast,cloudy,"72505394728,72055399999,KLGA,KJRB,F1417,KNYC"
New York,2024-04-11T04:00:00,50.0,50.0,46.1,86.35,0.0,0,,0,0,8.1,14.5,41,1016.0,100.0,9.6,0,0.0,0,10,Overcast,cloudy,"72505394728,72055399999,KLGA,KJRB,F1417,KNYC,72503014732"
New York,2024-04-11T05:00:00,50.0,50.0,47.0,89.28,0.0,0,,0,0,9.2,11.0,40,1015.6,100.0,9.7,0,0.0,0,10,Overcast,cloudy,"72505394728,72055399999,KLGA,KJRB,F1417,KNYC,72503014732"
New York,2024-04-11T06:00:00,50.0,50.0,47.0,89.35,0.0,0,,0,0,9.2,4.7,40,1016.0,100.0,8.5,0,0.0,0,10,Overcast,cloudy,"72505394728,72055399999,KLGA,KJRB,F1417,KNYC,72503014732"
New York,2024-04-11T07:00:00,51.1,51.1,47.9,88.71,0.0,0,,0,0,9.2,7.9,32,1015.7,100.0,6.0,21,0.1,0,10,Overcast,cloudy,"72505394728,72055399999,KLGA,KJRB,F1417,KNYC,72503014732"
New York,2024-04-11T08:00:00,50.1,50.1,48.0,92.37,0.0,0,,0,0,11.4,9.0,51,1015.8,100.0,7.7,30,0.1,0,10,Overcast,cloudy,"72505394728,72055399999,KLGA,KJRB,F1417,KNYC,72503014732"
New York,2024-04-11T09:00:00,51.2,51.2,48.8,91.36,0.002,100,rain,0,0,13.9,8.0,33,1016.2,100.0,4.8,53,0.2,1,10,"Rain, Overcast",rain,"72505394728,72055399999,KLGA,KJRB,F1417,KNYC,72503014732"
New York,2024-04-11T10:00:00,52.1,52.1,50.0,92.5,0.0,0,,0,0,13.9,7.9,53,1016.3,100.0,6.0,105,0.4,1,10,Overcast,cloudy,"72505394728,72055399999,KLGA,KJRB,F1417,KNYC,72503014732"
New York,2024-04-11T11:00:00,53.1,53.1,50.0,89.25,0.0,0,,0,0,12.8,10.1,51,1015.9,100.0,8.5,346,1.2,3,10,Overcast,cloudy,"72505394728,72055399999,KLGA,KJRB,F1417,KNYC"
New York,2024-04-11T12:00:00,55.9,55.9,51.1,83.74,0.0,0,,0,0,13.9,8.0,50,1015.3,89.5,9.7,504,1.8,5,10,Partially cloudy,partly-cloudy-day,"72505394728,72055399999,KLGA,KJRB,F1417,KNYC,72503014732"
New York,2024-04-11T13:00:00,58.8,58.8,51.1,75.37,0.0,0,,0,0,15.0,8.2,79,1014.1,49.4,9.9,382,1.4,4,10,Partially cloudy,partly-cloudy-day,"72505394728,72055399999,KLGA,KJRB,F1417,KNYC,72503014732"
New York,2024-04-11T14:00:00,60.0,60.0,51.0,72.13,0.0,0,,0,0,16.1,9.1,40,1013.2,88.3,9.9,439,1.6,4,10,Partially cloudy,partly-cloudy-day,"72505394728,72055399999,KLGA,KJRB,F1417,KNYC,72503014732"
New York,2024-04-11T15:00:00,61.8,61.8,53.6,74.62,0.0,0,,0,0,18.3,6.0,40,1013.0,99.9,9.9,207,0.7,2,10,Overcast,cloudy,"72505394728,72055399999,KLGA,KJRB,F1417,KNYC,72503014732"
New York,2024-04-11T16:00:00,58.0,58.0,54.0,86.51,0.0,0,,0,0,18.7,4.9,143,1012.4,100.0,9.8,230,0.8,2,10,Overcast,cloudy,"72505394728,72055399999,KLGA,KJRB,F1417,KNYC,72503014732"
New York,2024-04-11T17:00:00,58.0,58.0,54.0,86.67,0.001,100,rain,0,0,24.2,6.7,46,1011.6,99.6,9.9,32,0.1,0,10,"Rain, Overcast",rain,"72505394728,72055399999,KLGA,KJRB,F1417,KNYC,72503014732"
New York,2024-04-11T18:00:00,57.1,57.1,54.0,89.57,0.0,0,,0,0,20.8,6.8,150,1011.0,100.0,9.8,19,0.1,0,10,Overcast,cloudy,"72505394728,72055399999,KLGA,KJRB,F1417,KNYC,72503014732"
New York,2024-04-11T19:00:00,58.0,58.0,55.2,90.42,0.0,0,,0,0,25.3,9.2,122,1009.6,100.0,3.9,0,0.0,0,10,Overcast,cloudy,"72505394728,72055399999,KLGA,KJRB,F1417,KNYC,72503014732"
New York,2024-04-11T20:00:00,59.1,59.1,56.1,89.79,0.004,100,rain,0,0,16.3,8.2,130,1008.6,100.0,9.5,0,0.0,0,10,"Rain, Overcast",rain,"72505394728,72055399999,KLGA,KJRB,F1417,KNYC,72503014732"
New York,2024-04-11T21:00:00,59.1,59.1,57.0,92.71,0.002,100,rain,0,0,24.3,8.2,150,1008.7,100.0,9.7,0,0.0,0,10,"Rain, Overcast",rain,"72505394728,72055399999,KLGA,KJRB,F1417,KNYC,72503014732"
New York,2024-04-11T22:00:00,57.1,57.1,55.2,93.43,0.002,100,rain,0,0,18.8,9.2,170,1008.1,100.0,8.1,0,0.0,0,10,"Rain, Overcast",rain,"72505394728,72055399999,KLGA,KJRB,F1417,KNYC"
New York,2024-04-11T23:00:00,56.3,56.3,54.1,92.49,0.002,100,rain,0,0,18.0,11.3,170,1007.2,100.0,9.6,0,0.0,0,10,"Rain, Overcast",rain,"72505394728,72055399999,KLGA,KJRB,F1417,KNYC,72503014732"
New York,2024-04-12T00:00:00,57.1,57.1,56.1,96.3,0.001,100,rain,0,0,16.8,8.4,121,1005.7,100.0,8.0,0,0.0,0,10,"Rain, Overcast",rain,"72505394728,72055399999,KLGA,KJRB,F1417,KNYC,72503014732"
New York,2024-04-12T01:00:00,59.1,59.1,56.9,92.57,0.002,100,rain,0,0,29.2,8.3,150,1004.5,100.0,9.8,0,0.0,0,10,"Rain, Overcast",rain,"72505394728,72055399999,KLGA,KJRB,F1417,KNYC,72503014732"
New York,2024-04-12T02:00:00,56.3,56.3,55.2,96.35,0.001,100,rain,0,0,29.1,8.3,168,1003.2,100.0,5.1,0,0.0,0,10,"Rain, Overcast",rain,"72505394728,72055399999,KLGA,KJRB,F1417,KNYC,72503014732"
New York,2024-04-12T03:00:00,58.0,58.0,56.1,93.47,0.005,100,rain,0,0,32.1,9.4,131,1001.1,100.0,7.9,0,0.0,0,10,"Rain, Overcast",rain,"72505394728,72055399999,KLGA,KJRB,F1417,KNYC,72503014732"
New York,2024-04-12T04:00:00,57.1,57.1,55.2,93.45,0.003,100,rain,0,0,23.5,12.6,160,999.6,100.0,6.2,0,0.0,0,10,"Rain, Overcast",rain,"72505394728,72055399999,KLGA,KJRB,F1417,KNYC"
New York,2024-04-12T05:00:00,56.2,56.2,55.2,96.4,0.003,100,rain,0,0,22.8,8.2,180,999.0,100.0,6.2,0,0.0,0,10,"Rain, Overcast",rain,"72505394728,72055399999,KLGA,KJRB,F1417,KNYC,72503014732"
New York,2024-04-12T06:00:00,57.0,57.0,56.0,96.44,0.0,0,,0,0,20.6,12.7,178,997.7,100.0,6.7,0,0.0,0,10,Overcast,cloudy,"72505394728,72055399999,KLGA,KJRB,F1417,KNYC"
New York,2024-04-12T07:00:00,57.0,57.0,55.2,93.52,0.0,0,,0,0,18.3,11.4,198,996.8,100.0,5.0,5,0.0,0,10,Overcast,cloudy,"72505394728,72055399999,KLGA,KJRB,F1417,KNYC,72503014732"
New York,2024-04-12T08:00:00,55.3,55.3,54.0,95.52,0.0,0,,0,0,18.9,7.2,160,996.8,100.0,1.9,39,0.1,0,10,Overcast,cloudy,"72505394728,72055399999,KLGA,KJRB,F1417,KNYC,72503014732"
New York,2024-04-12T09:00:00,55.2,55.2,53.2,92.79,0.0,0,,0,0,22.5,8.2,151,995.7,100.0,1.2,179,0.6,2,10,Overcast,cloudy,"72505394728,72055399999,KLGA,KJRB,F1417,KNYC,72503014732"
New York,2024-04-12T10:00:00,55.2,55.2,53.2,92.79,0.0,0,,0,0,22.9,11.5,159,995.4,100.0,2.4,162,0.6,2,10,Overcast,cloudy,"72505394728,72055399999,KLGA,KJRB,F1417,KNYC,72503014732"
New York,2024-04-12T11:00:00,57.9,57.9,56.0,93.39,0.0,0,,0,0,20.8,0.3,6,993.8,100.0,6.7,313,1.1,3,10,Overcast,cloudy,"72505394728,72055399999,KLGA,KJRB,F1417,KNYC,72503014732"
New York,2024-04-12T12:00:00,57.9,57.9,55.0,89.99,0.0,0,,0,0,19.7,5.2,151,992.9,100.0,6.2,601,2.2,6,10,Overcast,cloudy,"72505394728,72055399999,KLGA,KJRB,F1417,KNYC,72503014732"
New York,2024-04-12T13:00:00,56.1,56.1,53.1,89.56,0.001,100,rain,0,0,35.8,3.5,280,993.6,100.0,4.9,40,0.1,0,10,"Rain, Overcast",rain,"72055399999,KJRB,F1417,KNYC"
New York,2024-04-12T14:00:00,56.2,56.2,52.1,86.13,0.003,100,rain,0,0,22.3,16.1,260,994.4,100.0,9.8,589,2.1,6,10,"Rain, Overcast",rain,"72505394728,72055399999,KLGA,KJRB,F1417,KNYC,72503014732"
New York,2024-04-12T15:00:00,58.0,58.0,48.8,71.5,0.0,0,,0,0,28.9,20.2,259,995.3,98.6,9.9,121,0.4,1,10,Overcast,cloudy,"72505394728,72055399999,KLGA,KJRB,F1417,KNYC,72503014732"
New York,2024-04-12T16:00:00,59.2,59.2,46.1,61.7,0.0,0,,0,0,29.9,23.0,250,996.4,99.6,9.9,135,0.5,1,10,Overcast,cloudy,"72505394728,72055399999,KLGA,KJRB,F1417,KNYC,72503014732"
New York,2024-04-12T17:00:00,60.2,60.2,43.0,52.98,0.0,0,,0,0,28.6,20.2,259,997.1,99.6,9.9,155,0.6,2,10,Overcast,cloudy,"72505394728,72055399999,KLGA,KJRB,F1417,KNYC,72503014732"
New York,2024-04-12T18:00:00,62.3,62.3,42.1,47.53,0.0,0,,0,0,29.8,16.8,250,997.4,47.9,9.9,76,0.3,1,10,Partially cloudy,partly-cloudy-day,"72505394728,KLGA,KJRB,F1417,KNYC,72503014732"
New York,2024-04-12T19:00:00,62.2,62.2,40.7,45.3,0.0,0,,0,0,27.7,16.6,259,997.9,49.2,9.9,18,0.1,0,10,Partially cloudy,partly-cloudy-day,"72505394728,KLGA,KJRB,F1417,KNYC,72503014732"
New York,2024-04-12T20:00:00,59.3,59.3,41.7,52.03,0.0,0,,0,0,25.1,15.5,265,998.8,88.1,9.9,0,0.0,0,10,Partially cloudy,partly-cloudy-night,"72505394728,KLGA,KJRB,F1417,KNYC,72503014732"
New York,2024-04-12T21:00:00,57.2,57.2,41.8,56.45,0.0,0,,0,0,25.3,14.0,259,999.5,1.7,9.9,0,0.0,0,10,Clear,clear-night,"72505394728,KLGA,KJRB,F1417,KNYC,72503014732"
New York,2024-04-12T22:00:00,56.4,56.4,43.7,62.39,0.0,0,,0,0,22.2,9.0,239,999.8,3.0,9.9,0,0.0,0,10,Clear,clear-night,"72505394728,KLGA,KJRB,F1417,KNYC,72503014732"
New York,2024-04-12T23:00:00,56.3,56.3,42.8,60.49,0.0,0,,0,0,26.4,10.4,239,999.8,92.8,9.9,0,0.0,0,10,Overcast,cloudy,"72505394728,KLGA,KJRB,F1417,KNYC,72503014732"
New York,2024-04-13T00:00:00,55.5,55.5,43.9,64.9,0.0,0,,0,0,23.8,12.6,266,999.8,99.6,9.9,0,0.0,0,10,Overcast,cloudy,"72505394728,KLGA,KJRB,F1417,KNYC,72503014732"
New York,2024-04-13T01:00:00,55.2,55.2,42.0,60.89,0.0,0,,0,0,21.4,15.1,259,999.5,22.7,9.9,0,0.0,0,10,Partially cloudy,partly-cloudy-night,"72505394728,KLGA,KJRB,F1417,KNYC,72503014732"
New York,2024-04-13T02:00:00,54.2,54.2,42.0,63.14,0.0,0,,0,0,23.0,14.2,256,999.3,3.4,9.9,0,0.0,0,10,Clear,clear-night,"72505394728,KLGA,KJRB,F1417,KNYC,72503014732"
New York,2024-04-13T03:00:00,54.2,54.2,42.0,63.21,0.0,0,,0,0,26.5,18.2,259,999.1,95.0,9.9,0,0.0,0,10,Overcast,cloudy,"72505394728,KLGA,KJRB,F1417,KNYC,72503014732"
New York,2024-04-13T04:00:00,52.3,52.3,38.9,60.22,0.0,0,,0,0,28.8,23.2,267,999.0,3.4,9.9,0,0.0,0,10,Clear,clear-night,"72505394728,KLGA,KJRB,F1417,KNYC,72503014732"
New York,2024-04-13T05:00:00,50.0,50.0,38.7,65.06,0.0,0,,0,0,25.5,19.2,268,999.6,48.6,9.9,0,0.0,0,10,Partially cloudy,partly-cloudy-night,"KLGA,KJRB,F1417,KNYC"
New York,2024-04-13T06:00:00,48.9,42.8,37.0,63.33,0.0,0,,0,0,29.7,17.0,270,1000.5,23.6,9.9,0,0.0,0,10,Partially cloudy,partly-cloudy-night,"KLGA,KJRB,F1417,KNYC"
New York,2024-04-13T07:00:00,48.9,43.6,36.9,63.0,0.0,0,,0,0,25.3,13.7,271,1001.4,99.1,9.9,46,0.2,0,10,Overcast,cloudy,"KLGA,KJRB,F1417,KNYC"
New York,2024-04-13T08:00:00,48.9,43.5,37.0,63.39,0.0,0,,0,0,26.8,13.9,271,1002.0,99.8,9.9,111,0.4,1,10,Overcast,cloudy,"KLGA,KJRB,F1417,KNYC"
New York,2024-04-13T09:00:00,50.0,45.9,35.0,56.33,0.0,0,,0,0,26.6,10.5,290,1002.4,99.8,9.9,250,0.9,3,10,Overcast,cloudy,"KLGA,KJRB,F1417,KNYC"
New York,2024-04-13T10:00:00,50.0,50.0,34.9,55.94,0.0,0,,0,0,30.1,20.3,260,1003.3,99.8,9.9,218,0.8,2,10,Overcast,cloudy,"KLGA,KJRB,F1417,KNYC"
New York,2024-04-13T11:00:00,49.8,43.9,35.2,57.16,0.0,0,,0,0,31.2,16.8,271,1004.0,100.0,9.9,100,0.4,1,10,Overcast,cloudy,"KLGA,KJRB,F1417,KNYC"
New York,2024-04-13T12:00:00,49.9,44.0,36.0,58.63,0.0,0,,0,0,30.1,17.2,261,1004.3,100.0,9.9,142,0.5,1,10,Overcast,cloudy,"KLGA,KJRB,F1417,KNYC"
New York,2024-04-13T13:00:00,51.1,51.1,37.0,58.55,0.001,100,rain,0,0,30.4,19.2,261,1004.6,100.0,9.9,186,0.7,2,10,"Rain, Overcast",rain,"KLGA,KJRB,F1417,KNYC"
New York,2024-04-13T14:00:00,52.0,52.0,35.1,52.41,0.0,0,,0,0,29.7,15.9,289,1004.5,100.0,9.9,241,0.9,2,10,Overcast,cloudy,"KLGA,KJRB,F1417,KNYC"
New York,2024-04-13T15:00:00,52.2,52.2,35.8,53.66,0.0,0,,0,0,27.6,7.9,270,1005.0,100.0,9.9,352,1.3,4,10,Overcast,cloudy,"KLGA,KJRB,F1417,KNYC"
New York,2024-04-13T16:00:00,53.1,53.1,35.0,50.05,0.0,0,,0,0,24.2,11.1,298,1005.4,99.1,9.9,244,0.9,2,10,Overcast,cloudy,"KLGA,KJRB,F1417,KNYC"
New York,2024-04-13T17:00:00,53.1,53.1,35.0,50.15,0.0,0,,0,0,33.8,6.6,280,1006.1,100.0,9.9,127,0.5,1,10,Overcast,cloudy,"KLGA,KJRB,F1417,KNYC"
New York,2024-04-13T18:00:00,54.0,54.0,33.2,45.11,0.0,0,,0,0,29.9,7.5,290,1006.6,100.0,9.9,62,0.2,1,10,Overcast,cloudy,"KLGA,KJRB,F1417,KNYC"
New York,2024-04-13T19:00:00,54.0,54.0,31.8,42.73,0.0,0,,0,0,32.5,7.6,285,1007.5,99.8,9.9,44,0.2,0,10,Overcast,cloudy,"KLGA,KJRB,F1417,KNYC"
New York,2024-04-13T20:00:00,52.2,52.2,31.8,45.69,0.0,0,,0,0,31.3,1.1,354,1009.0,88.7,9.9,0,0.0,0,10,Partially cloudy,partly-cloudy-night,"KLGA,KJRB,F1417,KNYC"
New York,2024-04-13T21:00:00,52.1,52.1,33.0,48.02,0.0,0,,0,0,19.9,3.7,290,1010.2,27.0,9.9,0,0.0,0,10,Partially cloudy,partly-cloudy-night,"KLGA,KJRB,F1417,KNYC"
New York,2024-04-13T22:00:00,51.2,51.2,33.0,49.57,0.0,0,,0,0,19.7,4.1,293,1011.0,2.0,9.9,0,0.0,0,10,Clear,clear-night,"KLGA,KJRB,F1417,KNYC"
New York,2024-04-13T23:00:00,51.2,51.2,33.8,51.25,0.0,0,,0,0,18.8,10.6,271,1011.4,0.5,9.9,0,0.0,0,10,Clear,clear-night,"KLGA,KJRB,F1417,KNYC"
Syracuse,2024-04-10T00:00:00,62.8,62.8,44.1,50.44,0.019,100,rain,0,0,17.2,10.1,91,1010.7,88.2,9.9,0,0.0,0,10,"Rain, Partially cloudy",rain,"KSYR,72519014771,72514654773,KFZY,72519664775,0534W,KRME"
Syracuse,2024-04-10T01:00:00,63.9,63.9,40.1,41.63,0.001,100,rain,0,0,18.3,4.8,86,1010.7,95.0,9.8,0,0.0,0,10,"Rain, Overcast",rain,"KSYR,72519014771,72514654773,KFZY,72519664775,0534W,KRME"
Syracuse,2024-04-10T02:00:00,67.5,67.5,41.2,38.23,0.003,100,rain,0,0,20.8,10.0,210,1010.8,92.2,9.9,0,0.0,0,10,"Rain, Overcast",rain,"KSYR,72519014771,72514654773,KFZY,72519664775,0534W,KRME"
Syracuse,2024-04-10T03:00:00,64.7,64.7,42.3,43.99,0.0,0,,0,0,13.9,3.4,336,1011.4,98.0,9.9,0,0.0,0,10,Overcast,cloudy,"KSYR,72519014771,72514654773,KFZY,72519664775,0534W,KRME"
Syracuse,2024-04-10T04:00:00,58.9,58.9,47.0,64.57,0.0,0,,0,0,13.9,4.6,117,1011.5,94.6,9.9,0,0.0,0,10,Overcast,cloudy,"KSYR,72519014771,72514654773,KFZY,72519664775,0534W,KRME"
Syracuse,2024-04-10T05:00:00,57.7,57.7,45.0,62.67,0.0,0,,0,0,11.4,0.1,3,1011.7,99.4,9.9,0,0.0,0,10,Overcast,cloudy,"KSYR,72519014771,72514654773,KFZY,72519664775,0534W,KRME"
Syracuse,2024-04-10T06:00:00,55.0,55.0,47.0,74.33,0.0,0,,0,0,10.3,4.6,88,1011.7,95.9,9.9,0,0.0,0,10,Overcast,cloudy,"KSYR,72519014771,72514654773,KFZY,72519664775,0534W,KRME"
Syracuse,2024-04-10T07:00:00,55.9,55.9,46.1,69.75,0.0,0,,0,0,10.3,0.1,3,1012.4,98.3,9.9,31,0.1,0,10,Overcast,cloudy,"KSYR,72519014771,72514654773,KFZY,72519664775,0534W,KRME"
Syracuse,2024-04-10T08:00:00,57.7,57.7,48.8,72.06,0.0,0,,0,0,10.3,0.0,3,1013.3,100.0,9.9,52,0.2,1,10,Overcast,cloudy,"KSYR,72519014771,72514654773,KFZY,72519664775,0534W,KRME"
Syracuse,2024-04-10T09:00:00,58.9,58.9,48.9,69.26,0.0,0,,0,0,10.3,5.6,89,1012.9,99.3,9.9,74,0.3,1,10,Overcast,cloudy,"KSYR,72519014771,72514654773,KFZY,72519664775,0534W,KRME"
Syracuse,2024-04-10T10:00:00,61.9,61.9,48.0,60.35,0.0,0,,0,0,11.4,0.3,16,1013.4,99.8,9.9,123,0.4,1,10,Overcast,cloudy,"KSYR,72519014771,72514654773,KFZY,72519664775,0534W,KRME"
Syracuse,2024-04-10T11:00:00,62.9,62.9,48.1,58.28,0.0,0,,0,0,8.1,4.8,356,1013.9,99.3,9.9,190,0.7,2,10,Overcast,cloudy,"KSYR,72519014771,72514654773,KFZY,72519664775,0534W,KRME"
Syracuse,2024-04-10T12:00:00,64.9,64.9,48.9,56.28,0.0,0,,0,0,8.1,3.5,75,1013.9,100.0,9.9,143,0.5,1,10,Overcast,cloudy,"KSYR,72519014771,72514654773,KFZY,72519664775,0534W,KRME"
Syracuse,2024-04-10T13:00:00,65.8,65.8,51.3,59.48,0.0,0,,0,0,8.1,4.8,85,1013.5,100.0,9.9,296,1.1,3,10,Overcast,cloudy,"KSYR,72519014771,72514654773,KFZY,72519664775,0534W,KRME"
Syracuse,2024-04-10T14:00:00,68.7,68.7,51.2,53.73,0.0,0,,0,0,8.1,3.5,48,1013.5,100.0,9.9,382,1.4,4,10,Overcast,cloudy,"KSYR,72519014771,72514654773,KFZY,72519664775,0534W,KRME"
Syracuse,2024-04-10T15:00:00,62.8,62.8,50.3,63.58,0.001,100,rain,0,0,8.1,16.0,331,1013.7,99.9,9.8,90,0.3,1,10,"Rain, Overcast",rain,"KSYR,72519014771,72514654773,KFZY,72519664775,0534W"
Syracuse,2024-04-10T16:00:00,61.0,61.0,56.9,86.12,0.093,100,rain,0,0,11.4,4.8,341,1013.8,100.0,8.6,227,0.8,2,10,"Rain, Overcast",rain,"KSYR,72519014771,72514654773,KFZY,72519664775,0534W,KRME"
Syracuse,2024-04-10T17:00:00,61.9,61.9,56.0,81.01,0.0,0,,0,0,6.9,4.5,98,1013.4,99.6,9.8,196,0.7,2,10,Overcast,cloudy,"KSYR,72519014771,72514654773,KFZY,72519664775,0534W,KRME"
Syracuse,2024-04-10T18:00:00,62.8,62.8,56.0,78.51,0.001,100,rain,0,0,6.9,4.7,149,1013.9,100.0,9.9,66,0.2,1,10,"Rain, Overcast",rain,"KSYR,72519014771,72514654773,KFZY,72519664775,0534W,KRME"
Syracuse,2024-04-10T19:00:00,62.7,62.7,55.1,76.1,0.0,0,,0,0,6.9,4.8,160,1014.4,100.0,9.9,11,0.0,0,10,Overcast,cloudy,"KSYR,72519014771,72514654773,KFZY,72519664775,0534W,KRME"
Syracuse,2024-04-10T20:00:00,60.8,60.8,55.9,83.67,0.0,0,,0,0,5.8,3.2,313,1014.5,100.0,9.9,0,0.0,0,10,Overcast,cloudy,"KSYR,72519014771,72514654773,KFZY,72519664775,0534W,KRME"
Syracuse,2024-04-10T21:00:00,59.9,59.9,56.7,89.16,0.0,0,,0,0,5.8,0.1,4,1014.9,98.0,9.9,0,0.0,0,10,Overcast,cloudy,"KSYR,72519014771,72514654773,KFZY,72519664775,0534W,KRME"
Syracuse,2024-04-10T22:00:00,58.7,58.7,54.9,87.11,0.001,100,rain,0,0,3.4,3.2,342,1015.3,100.0,9.9,0,0.0,0,10,"Rain, Overcast",rain,"KSYR,72519014771,72514654773,KFZY,72519664775,0534W,KRME"
Syracuse,2024-04-10T23:00:00,56.7,56.7,54.9,93.53,0.011,100,rain,0,0,2.2,0.0,4,1014.9,100.0,9.9,0,0.0,0,10,"Rain, Overcast",rain,"KSYR,72519014771,72514654773,KFZY,72519664775,0534W,KRME"
Syracuse,2024-04-11T00:00:00,57.6,57.6,55.8,93.59,0.0,0,,0,0,2.2,0.1,4,1014.7,100.0,9.9,0,0.0,0,10,Overcast,cloudy,"KSYR,72519014771,72514654773,KFZY,72519664775,0534W,KRME"
Syracuse,2024-04-11T01:00:00,57.6,57.6,54.9,90.69,0.0,0,,0,0,3.4,0.1,4,1014.5,100.0,9.9,0,0.0,0,10,Overcast,cloudy,"KSYR,72519014771,72514654773,KFZY,72519664775,0534W,KRME"
Syracuse,2024-04-11T02:00:00,56.7,56.7,54.9,93.51,0.0,0,,0,0,3.4,0.1,3,1014.2,99.8,8.8,0,0.0,0,10,Overcast,cloudy,"KSYR,72519014771,72514654773,KFZY,72519664775,0534W,KRME"
Syracuse,2024-04-11T03:00:00,56.8,56.8,55.7,96.17,0.0,0,,0,0,5.8,4.6,72,1013.1,100.0,5.2,0,0.0,0,10,Overcast,cloudy,"KSYR,72519014771,72514654773,KFZY,72519664775,0534W,KRME"
Syracuse,2024-04-11T04:00:00,55.9,55.9,55.0,96.57,0.0,0,,0,0,6.9,5.7,81,1012.5,99.8,5.2,0,0.0,0,10,Overcast,cloudy,"KSYR,72519014771,72514654773,KFZY,72519664775,0534W,KRME"
Syracuse,2024-04-11T05:00:00,55.9,55.9,53.8,92.67,0.0,0,,0,0,5.8,7.8,71,1011.7,100.0,6.9,0,0.0,0,10,Overcast,cloudy,"KSYR,72519014771,72514654773,KFZY,72519664775,0534W,KRME"
Syracuse,2024-04-11T06:00:00,55.1,55.1,53.8,95.58,0.016,100,rain,0,0,6.9,6.8,71,1011.5,100.0,5.0,0,0.0,0,10,"Rain, Overcast",rain,"KSYR,72519014771,72514654773,KFZY,72519664775,0534W,KRME"
Syracuse,2024-04-11T07:00:00,53.9,53.9,53.0,96.55,0.092,100,rain,0,0,9.2,11.1,72,1010.8,100.0,3.2,0,0.0,0,10,"Rain, Overcast",rain,"KSYR,72519014771,72514654773,KFZY,72519664775,0534W,KRME"
Syracuse,2024-04-11T08:00:00,53.9,53.9,53.0,96.59,0.192,100,rain,0,0,12.8,12.5,81,1010.0,100.0,1.9,18,0.1,0,10,"Rain, Overcast",rain,"KSYR,72519014771,72514654773,KFZY,72519664775,0534W,KRME"
Syracuse,2024-04-11T09:00:00,54.0,54.0,53.0,96.6,0.079,100,rain,0,0,15.0,12.5,80,1009.9,100.0,4.8,54,0.2,1,10,"Rain, Overcast",rain,"KSYR,72519014771,72514654773,KFZY,72519664775,0534W,KRME"
Syracuse,2024-04-11T10:00:00,55.1,55.1,53.9,95.65,0.012,100,rain,0,0,20.8,9.2,73,1009.2,100.0,5.1,133,0.5,1,10,"Rain, Overcast",rain,"KSYR,72519014771,72514654773,KFZY,72519664775,0534W,KRME"
Syracuse,2024-04-11T11:00:00,57.7,57.7,55.9,93.67,0.011,100,rain,0,0,19.5,6.0,41,1008.7,100.0,6.9,188,0.7,2,10,"Rain, Overcast",rain,"KSYR,72519014771,72514654773,KFZY,72519664775,0534W,KRME"
Syracuse,2024-04-11T12:00:00,57.8,57.8,55.9,93.38,0.0,0,,0,0,19.7,8.0,41,1007.9,100.0,9.9,72,0.3,1,10,Overcast,cloudy,"KSYR,72519014771,72514654773,KFZY,72519664775,0534W,KRME"
Syracuse,2024-04-11T13:00:00,57.8,57.8,55.9,93.38,0.0,0,,0,0,20.8,7.1,35,1007.1,100.0,9.9,87,0.3,1,10,Overcast,cloudy,"KSYR,72519014771,72514654773,KFZY,72519664775,0534W,KRME"
Syracuse,2024-04-11T14:00:00,62.8,62.8,56.8,80.95,0.0,0,,0,0,18.3,8.2,121,1006.4,100.0,9.9,154,0.6,2,10,Overcast,cloudy,"KSYR,72519014771,72514654773,KFZY,72519664775,0534W,KRME"
Syracuse,2024-04-11T15:00:00,65.7,65.7,55.1,68.7,0.0,0,,0,0,27.6,14.7,149,1005.5,99.8,9.9,370,1.3,4,10,Overcast,cloudy,"KSYR,72519014771,72514654773,KFZY,72519664775,0534W,KRME"
Syracuse,2024-04-11T16:00:00,68.9,68.9,56.0,63.42,0.0,0,,0,0,33.3,15.8,140,1004.1,89.2,9.9,626,2.3,6,10,Partially cloudy,partly-cloudy-day,"KSYR,72519014771,72514654773,KFZY,72519664775,0534W,KRME"
Syracuse,2024-04-11T17:00:00,67.9,67.9,55.1,63.65,0.0,0,,0,0,30.5,17.0,130,1003.5,89.1,9.9,169,0.6,2,10,Partially cloudy,partly-cloudy-day,"KSYR,72519014771,72514654773,KFZY,72519664775,0534W,KRME"
Syracuse,2024-04-11T18:00:00,65.0,65.0,54.0,67.35,0.0,0,,0,0,31.6,13.7,139,1003.0,89.1,9.9,33,0.1,0,10,Partially cloudy,partly-cloudy-day,"KSYR,72519014771,72514654773,KFZY,72519664775,0534W,KRME"
Syracuse,2024-04-11T19:00:00,64.9,64.9,54.0,67.85,0.001,100,rain,0,0,29.3,15.7,121,1002.3,100.0,9.7,5,0.0,0,10,"Rain, Overcast",rain,"KSYR,72519014771,72514654773,KFZY,72519664775,0534W,KRME"
Syracuse,2024-04-11T20:00:00,64.8,64.8,54.0,67.88,0.001,100,rain,0,0,24.2,15.6,110,1000.6,100.0,9.9,0,0.0,0,10,"Rain, Overcast",rain,"KSYR,72519014771,72514654773,KFZY,72519664775,0534W,KRME"
Syracuse,2024-04-11T21:00:00,64.8,64.8,56.0,73.01,0.001,100,rain,0,0,29.7,16.8,111,999.7,100.0,9.9,0,0.0,0,10,"Rain, Overcast",rain,"KSYR,72519014771,72514654773,KFZY,72519664775,0534W,KRME"
Syracuse,2024-04-11T22:00:00,61.9,61.9,56.9,83.54,0.023,100,rain,0,0,25.0,14.8,92,998.9,100.0,9.7,0,0.0,0,10,"Rain, Overcast",rain,"KSYR,72519014771,72514654773,KFZY,72519664775,0534W,KRME"
Syracuse,2024-04-11T23:00:00,61.0,61.0,56.9,86.31,0.004,100,rain,0,0,21.9,13.6,110,997.7,89.6,9.9,0,0.0,0,10,"Rain, Partially cloudy",rain,"KSYR,72519014771,72514654773,KFZY,72519664775,0534W,KRME"
Syracuse,2024-04-12T00:00:00,64.8,64.8,56.9,75.55,0.0,0,,0,0,20.0,14.8,139,996.6,89.2,9.9,0,0.0,0,10,Partially cloudy,partly-cloudy-night,"KSYR,72519014771,72514654773,KFZY,72519664775,0534W,KRME"
Syracuse,2024-04-12T01:00:00,65.7,65.7,58.9,78.76,0.0,0,,0,0,31.1,17.9,140,995.4,100.0,9.9,0,0.0,0,10,Overcast,cloudy,"KSYR,72519014771,72514654773,KFZY,72519664775,0534W,KRME"
Syracuse,2024-04-12T02:00:00,62.9,62.9,60.0,90.46,0.02,100,rain,0,0,24.6,13.8,111,994.3,99.6,9.8,0,0.0,0,10,"Rain, Overcast",rain,"KSYR,72519014771,72514654773,KFZY,72519664775,0534W,KRME"
Syracuse,2024-04-12T03:00:00,60.2,60.2,58.9,95.55,0.032,100,rain,0,0,24.2,14.7,101,992.1,98.0,9.9,0,0.0,0,10,"Rain, Overcast",rain,"KSYR,72519014771,72514654773,KFZY,72519664775,0534W,KRME"
Syracuse,2024-04-12T04:00:00,60.2,60.2,58.9,95.55,0.02,100,rain,0,0,31.1,17.2,110,990.2,97.2,9.9,0,0.0,0,10,"Rain, Overcast",rain,"KSYR,72519014771,72514654773,KFZY,72519664775,0534W,KRME"
Syracuse,2024-04-12T05:00:00,61.1,61.1,58.9,92.54,0.0,0,,0,0,27.0,13.7,111,988.2,99.4,9.9,0,0.0,0,10,Overcast,cloudy,"KSYR,72519014771,72514654773,KFZY,72519664775,0534W,KRME"
Syracuse,2024-04-12T06:00:00,62.1,62.1,58.9,89.53,0.0,0,,0,0,25.2,14.8,110,986.5,88.6,9.9,0,0.0,0,10,Partially cloudy,partly-cloudy-night,"KSYR,72519014771,72514654773,KFZY,72519664775,0534W,KRME"
Syracuse,2024-04-12T07:00:00,62.1,62.1,58.9,89.53,0.001,100,rain,0,0,21.0,13.7,91,985.5,99.8,9.8,55,0.2,1,10,"Rain, Overcast",rain,"KSYR,72519014771,72514654773,KFZY,72519664775,0534W,KRME"
Syracuse,2024-04-12T08:00:00,65.7,65.7,59.0,78.75,0.001,100,rain,0,0,32.8,20.3,168,984.2,100.0,9.7,125,0.5,1,10,"Rain, Overcast",rain,"KSYR,72519014771,72514654773,KFZY,0534W"
Syracuse,2024-04-12T09:00:00,62.9,62.9,57.8,83.49,0.012,100,rain,0,0,29.5,18.3,208,986.3,100.0,6.8,141,0.5,1,10,"Rain, Overcast",rain,"KSYR,72519014771,72514654773,KFZY,72519664775,0534W,KRME"
Syracuse,2024-04-12T10:00:00,64.0,64.0,56.9,77.69,0.013,100,rain,0,0,23.1,17.1,189,986.7,100.0,9.8,291,1.0,3,10,"Rain, Overcast",rain,"KSYR,72519014771,72514654773,KFZY,72519664775,0534W,KRME"
Syracuse,2024-04-12T11:00:00,64.7,64.7,57.6,77.94,0.004,100,rain,0,0,23.9,16.1,202,987.1,100.0,9.6,199,0.7,2,10,"Rain, Overcast",rain,"KSYR,72519014771,72514654773,KFZY,0534W"
Syracuse,2024-04-12T12:00:00,59.0,59.0,52.0,77.7,0.002,100,rain,0,0,23.0,18.0,257,988.2,100.0,9.9,419,1.5,4,10,"Rain, Overcast",rain,"KSYR,72519014771,72514654773,KFZY,72519664775,0534W,KRME"
Syracuse,2024-04-12T13:00:00,60.9,60.9,47.1,60.52,0.001,100,rain,0,0,27.7,17.1,269,988.3,89.6,9.9,191,0.7,2,10,"Rain, Partially cloudy",rain,"KSYR,72519014771,72514654773,KFZY,72519664775,0534W,KRME"
Syracuse,2024-04-12T14:00:00,60.1,60.1,45.1,57.57,0.0,0,,0,0,28.9,22.4,221,988.5,100.0,9.9,302,1.1,3,10,Overcast,cloudy,"KSYR,72519014771,72514654773,KFZY,72519664775,0534W,KRME"
Syracuse,2024-04-12T15:00:00,60.0,60.0,44.1,55.64,0.0,0,,0,0,28.9,17.9,250,988.4,100.0,9.9,182,0.7,2,10,Overcast,cloudy,"KSYR,72519014771,72514654773,KFZY,72519664775,0534W,KRME"
Syracuse,2024-04-12T16:00:00,58.9,58.9,43.0,55.62,0.0,0,,0,0,24.7,13.1,240,988.8,100.0,9.9,245,0.9,2,10,Overcast,cloudy,"KSYR,72519014771,72514654773,KFZY,72519664775,0534W,KRME"
Syracuse,2024-04-12T17:00:00,58.8,58.8,42.2,53.83,0.0,0,,0,0,24.2,14.8,240,989.3,100.0,9.9,108,0.4,1,10,Overcast,cloudy,"KSYR,72519014771,72514654773,KFZY,72519664775,0534W,KRME"
Syracuse,2024-04-12T18:00:00,57.7,57.7,41.1,53.88,0.0,0,,0,0,23.9,15.8,249,990.0,100.0,9.9,48,0.2,0,10,Overcast,cloudy,"KSYR,72519014771,72514654773,KFZY,72519664775,0534W,KRME"
Syracuse,2024-04-12T19:00:00,55.1,55.1,43.0,63.63,0.0,0,,0,0,26.3,14.9,268,990.7,100.0,9.9,14,0.1,0,10,Overcast,cloudy,"KSYR,72519014771,72514654773,KFZY,72519664775,0534W,KRME"
Syracuse,2024-04-12T20:00:00,53.0,53.0,43.9,70.99,0.0,0,,0,0,24.7,9.5,230,991.1,100.0,9.9,0,0.0,0,10,Overcast,cloudy,"KSYR,72519014771,72514654773,KFZY,72519664775,0534W,KRME"
Syracuse,2024-04-12T21:00:00,52.0,52.0,43.0,71.1,0.0,0,,0,0,21.9,10.3,257,991.8,89.6,9.9,0,0.0,0,10,Partially cloudy,partly-cloudy-night,"KSYR,72519014771,72514654773,KFZY,72519664775,0534W,KRME"
Syracuse,2024-04-12T22:00:00,51.9,51.9,43.0,71.51,0.0,0,,0,0,26.4,9.2,229,991.7,100.0,9.9,0,0.0,0,10,Overcast,cloudy,"KSYR,72519014771,72514654773,KFZY,72519664775,0534W,KRME"
Syracuse,2024-04-12T23:00:00,51.0,51.0,43.0,73.93,0.0,0,,0,0,27.6,20.4,239,991.8,100.0,9.9,0,0.0,0,10,Overcast,cloudy,"KSYR,72519014771,72514654773,KFZY,72519664775,0534W,KRME"
Syracuse,2024-04-13T00:00:00,47.9,40.3,39.8,73.63,0.001,100,rain,0,0,34.1,22.4,267,992.9,100.0,9.9,0,0.0,0,10,"Rain, Overcast",rain,"KSYR,72519014771,72514654773,KFZY,72519664775,0534W,KRME"
Syracuse,2024-04-13T01:00:00,44.9,37.4,39.8,82.35,0.013,100,rain,0,0,27.3,17.9,259,993.8,100.0,9.9,0,0.0,0,10,"Rain, Overcast",rain,"KSYR,72519014771,72514654773,KFZY,72519664775,0534W,KRME"
Syracuse,2024-04-13T02:00:00,43.9,37.2,38.9,82.32,0.02,100,rain,0,0,28.9,13.8,260,994.4,100.0,9.9,0,0.0,0,10,"Rain, Overcast",rain,"KSYR,72519014771,72514654773,KFZY,0534W"
Syracuse,2024-04-13T03:00:00,42.9,35.5,37.9,82.43,0.013,100,rain,0,0,22.3,15.2,251,994.8,100.0,9.7,0,0.0,0,10,"Rain, Overcast",rain,"KSYR,72519014771,72514654773,KFZY,72519664775,0534W,KRME"
Syracuse,2024-04-13T04:00:00,40.9,32.6,38.0,89.41,0.032,100,rain,0,0,24.4,16.2,259,995.6,100.0,5.0,0,0.0,0,10,"Rain, Overcast",rain,"KSYR,KFZY,0534W,KRME"
Syracuse,2024-04-13T05:00:00,40.9,32.9,37.9,89.15,0.013,100,rain,0,0,32.2,15.2,288,996.2,100.0,6.8,0,0.0,0,10,"Rain, Overcast",rain,"KSYR,KFZY,0534W,KRME"
Syracuse,2024-04-13T06:00:00,40.8,31.7,37.9,89.26,0.02,100,rain,0,0,24.6,19.7,270,996.8,100.0,8.6,0,0.0,0,10,"Rain, Overcast",rain,"KSYR,KFZY,0534W,KRME"
Syracuse,2024-04-13T07:00:00,38.9,28.6,37.1,92.97,0.039,100,rain,0,0,26.9,21.8,280,997.8,100.0,5.0,16,0.1,0,10,"Rain, Overcast",rain,"KSYR,KFZY,0534W,KRME"
Syracuse,2024-04-13T08:00:00,38.9,31.5,37.1,92.92,0.075,100,rain,0,0,36.5,11.9,299,998.6,100.0,3.4,37,0.1,0,10,"Rain, Overcast",rain,"KSYR,KFZY,0534W,KRME"
Syracuse,2024-04-13T09:00:00,40.8,31.9,37.1,86.33,0.038,100,rain,0,0,28.0,18.6,300,999.3,100.0,5.2,113,0.4,1,10,"Rain, Overcast",rain,"KSYR,KFZY,0534W,KRME"
Syracuse,2024-04-13T10:00:00,40.8,31.7,38.0,89.37,0.02,100,rain,0,0,30.2,19.7,299,1000.3,100.0,8.1,171,0.6,2,10,"Rain, Overcast",rain,"KSYR,KFZY,0534W,KRME"
Syracuse,2024-04-13T11:00:00,42.1,33.0,38.0,85.21,0.019,100,rain,0,0,33.6,20.9,299,1001.4,100.0,9.8,137,0.5,1,10,"Rain, Overcast",rain,"KSYR,KFZY,0534W,KRME"
Syracuse,2024-04-13T12:00:00,42.1,33.1,37.1,82.3,0.031,100,rain,0,0,30.4,20.9,299,1002.3,100.0,9.9,117,0.4,1,10,"Rain, Overcast",rain,"KSYR,KFZY,0534W,KRME"
Syracuse,2024-04-13T13:00:00,43.0,34.2,38.0,82.31,0.011,100,rain,0,0,31.6,20.9,299,1003.3,100.0,9.9,135,0.5,1,10,"Rain, Overcast",rain,"KSYR,KFZY,0534W,KRME"
Syracuse,2024-04-13T14:00:00,43.0,33.5,38.8,85.0,0.03,100,rain,0,0,37.0,24.1,299,1004.1,100.0,6.4,189,0.7,2,10,"Rain, Overcast",rain,"KSYR,KFZY,0534W,KRME"
Syracuse,2024-04-13T15:00:00,44.1,35.0,37.9,78.96,0.031,100,rain,0,0,38.3,24.2,299,1004.9,100.0,9.9,124,0.4,1,10,"Rain, Overcast",rain,"KSYR,KFZY,0534W,KRME"
Syracuse,2024-04-13T16:00:00,44.1,35.1,36.1,73.18,0.019,100,rain,0,0,37.2,24.0,299,1005.3,100.0,9.9,89,0.3,1,10,"Rain, Overcast",rain,"KSYR,KFZY,0534W,KRME"
Syracuse,2024-04-13T17:00:00,46.0,36.9,35.2,65.72,0.0,0,,0,0,40.2,28.6,299,1006.0,100.0,9.9,47,0.2,0,10,Overcast,cloudy,"KSYR,KFZY,0534W,KRME"
Syracuse,2024-04-13T18:00:00,46.9,38.9,34.2,61.08,0.0,0,,0,0,40.2,23.1,299,1006.6,100.0,9.9,62,0.2,1,10,Overcast,cloudy,"KSYR,KFZY,0534W,KRME"
Syracuse,2024-04-13T19:00:00,47.8,40.8,33.3,56.91,0.0,0,,0,0,33.5,19.8,299,1007.5,88.2,9.9,31,0.1,0,10,Partially cloudy,partly-cloudy-day,"KSYR,KFZY,0534W,KRME"
Syracuse,2024-04-13T20:00:00,47.7,41.0,34.1,59.03,0.0,0,,0,0,33.1,18.2,309,1008.5,88.2,9.9,0,0.0,0,10,Partially cloudy,partly-cloudy-night,"KSYR,KFZY,0534W,KRME"
Syracuse,2024-04-13T21:00:00,46.0,40.1,34.1,63.12,0.0,0,,0,0,22.7,12.8,290,1009.3,48.7,9.9,0,0.0,0,10,Partially cloudy,partly-cloudy-night,"KSYR,KFZY,0534W,KRME"
Syracuse,2024-04-13T22:00:00,45.0,40.1,34.1,65.38,0.0,0,,0,0,24.2,9.4,300,1010.3,24.0,9.9,0,0.0,0,10,Partially cloudy,partly-cloudy-night,"KSYR,KFZY,0534W,KRME"
Syracuse,2024-04-13T23:00:00,44.1,39.0,34.1,67.57,0.0,0,,0,0,19.7,9.4,299,1010.7,23.6,9.9,0,0.0,0,10,Partially cloudy,partly-cloudy-night,"KSYR,KFZY,0534W,KRME"
